           
           Efinix FPGA Placement and Routing.
           Version: 2025.1.110.2.15 
           Compiled: Jun 21 2025.
           
           Copyright (C) 2013 - 2025 Efinix, Inc. All rights reserved.

           
           The Tool Is Based on VPR of University of Toronto,
           a free open source code under MIT license.
           
           ***** Beginning stage netlist pre-processing ... *****
INFO     : Successfully Read in Verific binary Netlist dump file "D:/degree2/FPGA/Nocascope_3/Nocascope_2/1103/Ti60F225_AD2020_HDMI_Display_30FPS/outflow/Ti60_Demo.vdb".
INFO     : ***** Beginning VDB Netlist Checker ... *****
WARNING  : D:\degree2\FPGA\Nocascope_3\Nocascope_2\1103\Ti60F225_AD2020_HDMI_Display_30FPS\example_top.v(11): Input/inout port clk_24m is unconnected and will be removed. [VDB-8003]
WARNING  : D:\degree2\FPGA\Nocascope_3\Nocascope_2\1103\Ti60F225_AD2020_HDMI_Display_30FPS\example_top.v(12): Input/inout port clk_25m is unconnected and will be removed. [VDB-8003]
WARNING  : D:\degree2\FPGA\Nocascope_3\Nocascope_2\1103\Ti60F225_AD2020_HDMI_Display_30FPS\example_top.v(21): Input/inout port clk_pixel_2x is unconnected and will be removed. [VDB-8003]
WARNING  : D:\degree2\FPGA\Nocascope_3\Nocascope_2\1103\Ti60F225_AD2020_HDMI_Display_30FPS\example_top.v(22): Input/inout port clk_pixel_10x is unconnected and will be removed. [VDB-8003]
WARNING  : D:\degree2\FPGA\Nocascope_3\Nocascope_2\1103\Ti60F225_AD2020_HDMI_Display_30FPS\example_top.v(30): Input/inout port dsi_refclk_i is unconnected and will be removed. [VDB-8003]
WARNING  : D:\degree2\FPGA\Nocascope_3\Nocascope_2\1103\Ti60F225_AD2020_HDMI_Display_30FPS\example_top.v(31): Input/inout port dsi_byteclk_i is unconnected and will be removed. [VDB-8003]
WARNING  : D:\degree2\FPGA\Nocascope_3\Nocascope_2\1103\Ti60F225_AD2020_HDMI_Display_30FPS\example_top.v(32): Input/inout port dsi_serclk_i is unconnected and will be removed. [VDB-8003]
WARNING  : D:\degree2\FPGA\Nocascope_3\Nocascope_2\1103\Ti60F225_AD2020_HDMI_Display_30FPS\example_top.v(33): Input/inout port dsi_txcclk_i is unconnected and will be removed. [VDB-8003]
WARNING  : D:\degree2\FPGA\Nocascope_3\Nocascope_2\1103\Ti60F225_AD2020_HDMI_Display_30FPS\example_top.v(60): Input/inout port clk_lvds_1x is unconnected and will be removed. [VDB-8003]
WARNING  : D:\degree2\FPGA\Nocascope_3\Nocascope_2\1103\Ti60F225_AD2020_HDMI_Display_30FPS\example_top.v(61): Input/inout port clk_lvds_7x is unconnected and will be removed. [VDB-8003]
WARNING  : D:\degree2\FPGA\Nocascope_3\Nocascope_2\1103\Ti60F225_AD2020_HDMI_Display_30FPS\example_top.v(62): Input/inout port clk_27m is unconnected and will be removed. [VDB-8003]
WARNING  : D:\degree2\FPGA\Nocascope_3\Nocascope_2\1103\Ti60F225_AD2020_HDMI_Display_30FPS\example_top.v(63): Input/inout port clk_54m is unconnected and will be removed. [VDB-8003]
WARNING  : D:\degree2\FPGA\Nocascope_3\Nocascope_2\1103\Ti60F225_AD2020_HDMI_Display_30FPS\example_top.v(97): Input/inout port i_dqs_n_hi[1] is unconnected and will be removed. [VDB-8003]
WARNING  : D:\degree2\FPGA\Nocascope_3\Nocascope_2\1103\Ti60F225_AD2020_HDMI_Display_30FPS\example_top.v(98): Input/inout port i_dqs_n_lo[1] is unconnected and will be removed. [VDB-8003]
WARNING  : D:\degree2\FPGA\Nocascope_3\Nocascope_2\1103\Ti60F225_AD2020_HDMI_Display_30FPS\example_top.v(121): Input/inout port csi_ctl0_i is unconnected and will be removed. [VDB-8003]
WARNING  : D:\degree2\FPGA\Nocascope_3\Nocascope_2\1103\Ti60F225_AD2020_HDMI_Display_30FPS\example_top.v(125): Input/inout port csi_ctl1_i is unconnected and will be removed. [VDB-8003]
WARNING  : D:\degree2\FPGA\Nocascope_3\Nocascope_2\1103\Ti60F225_AD2020_HDMI_Display_30FPS\example_top.v(129): Input/inout port csi_scl_i is unconnected and will be removed. [VDB-8003]
WARNING  : D:\degree2\FPGA\Nocascope_3\Nocascope_2\1103\Ti60F225_AD2020_HDMI_Display_30FPS\example_top.v(156): Input/inout port csi_rxd1_lp_n_i is unconnected and will be removed. [VDB-8003]
WARNING  : D:\degree2\FPGA\Nocascope_3\Nocascope_2\1103\Ti60F225_AD2020_HDMI_Display_30FPS\example_top.v(157): Input/inout port csi_rxd1_lp_p_i is unconnected and will be removed. [VDB-8003]
WARNING  : D:\degree2\FPGA\Nocascope_3\Nocascope_2\1103\Ti60F225_AD2020_HDMI_Display_30FPS\example_top.v(158): Input/inout port csi_rxd1_hs_i[7] is unconnected and will be removed. [VDB-8003]
WARNING  : D:\degree2\FPGA\Nocascope_3\Nocascope_2\1103\Ti60F225_AD2020_HDMI_Display_30FPS\example_top.v(165): Input/inout port csi_rxd2_lp_p_i is unconnected and will be removed. [VDB-8003]
WARNING  : D:\degree2\FPGA\Nocascope_3\Nocascope_2\1103\Ti60F225_AD2020_HDMI_Display_30FPS\example_top.v(166): Input/inout port csi_rxd2_lp_n_i is unconnected and will be removed. [VDB-8003]
WARNING  : D:\degree2\FPGA\Nocascope_3\Nocascope_2\1103\Ti60F225_AD2020_HDMI_Display_30FPS\example_top.v(167): Input/inout port csi_rxd2_hs_i[7] is unconnected and will be removed. [VDB-8003]
WARNING  : D:\degree2\FPGA\Nocascope_3\Nocascope_2\1103\Ti60F225_AD2020_HDMI_Display_30FPS\example_top.v(174): Input/inout port csi_rxd3_lp_p_i is unconnected and will be removed. [VDB-8003]
WARNING  : D:\degree2\FPGA\Nocascope_3\Nocascope_2\1103\Ti60F225_AD2020_HDMI_Display_30FPS\example_top.v(175): Input/inout port csi_rxd3_lp_n_i is unconnected and will be removed. [VDB-8003]
WARNING  : D:\degree2\FPGA\Nocascope_3\Nocascope_2\1103\Ti60F225_AD2020_HDMI_Display_30FPS\example_top.v(176): Input/inout port csi_rxd3_hs_i[7] is unconnected and will be removed. [VDB-8003]
WARNING  : D:\degree2\FPGA\Nocascope_3\Nocascope_2\1103\Ti60F225_AD2020_HDMI_Display_30FPS\example_top.v(235): Input/inout port dsi_txd0_lp_p_i is unconnected and will be removed. [VDB-8003]
WARNING  : D:\degree2\FPGA\Nocascope_3\Nocascope_2\1103\Ti60F225_AD2020_HDMI_Display_30FPS\example_top.v(236): Input/inout port dsi_txd0_lp_n_i is unconnected and will be removed. [VDB-8003]
WARNING  : D:\degree2\FPGA\Nocascope_3\Nocascope_2\1103\Ti60F225_AD2020_HDMI_Display_30FPS\example_top.v(237): Input/inout port dsi_txd1_lp_p_i is unconnected and will be removed. [VDB-8003]
WARNING  : D:\degree2\FPGA\Nocascope_3\Nocascope_2\1103\Ti60F225_AD2020_HDMI_Display_30FPS\example_top.v(238): Input/inout port dsi_txd1_lp_n_i is unconnected and will be removed. [VDB-8003]
WARNING  : D:\degree2\FPGA\Nocascope_3\Nocascope_2\1103\Ti60F225_AD2020_HDMI_Display_30FPS\example_top.v(239): Input/inout port dsi_txd2_lp_p_i is unconnected and will be removed. [VDB-8003]
WARNING  : D:\degree2\FPGA\Nocascope_3\Nocascope_2\1103\Ti60F225_AD2020_HDMI_Display_30FPS\example_top.v(240): Input/inout port dsi_txd2_lp_n_i is unconnected and will be removed. [VDB-8003]
WARNING  : D:\degree2\FPGA\Nocascope_3\Nocascope_2\1103\Ti60F225_AD2020_HDMI_Display_30FPS\example_top.v(241): Input/inout port dsi_txd3_lp_p_i is unconnected and will be removed. [VDB-8003]
WARNING  : D:\degree2\FPGA\Nocascope_3\Nocascope_2\1103\Ti60F225_AD2020_HDMI_Display_30FPS\example_top.v(242): Input/inout port dsi_txd3_lp_n_i is unconnected and will be removed. [VDB-8003]
WARNING  : D:\degree2\FPGA\Nocascope_3\Nocascope_2\1103\Ti60F225_AD2020_HDMI_Display_30FPS\example_top.v(261): Input/inout port cmos_sdat_IN is unconnected and will be removed. [VDB-8003]
WARNING  : D:\degree2\FPGA\Nocascope_3\Nocascope_2\1103\Ti60F225_AD2020_HDMI_Display_30FPS\example_top.v(266): Input/inout port cmos_pclk is unconnected and will be removed. [VDB-8003]
WARNING  : D:\degree2\FPGA\Nocascope_3\Nocascope_2\1103\Ti60F225_AD2020_HDMI_Display_30FPS\example_top.v(267): Input/inout port cmos_vsync is unconnected and will be removed. [VDB-8003]
WARNING  : D:\degree2\FPGA\Nocascope_3\Nocascope_2\1103\Ti60F225_AD2020_HDMI_Display_30FPS\example_top.v(268): Input/inout port cmos_href is unconnected and will be removed. [VDB-8003]
WARNING  : D:\degree2\FPGA\Nocascope_3\Nocascope_2\1103\Ti60F225_AD2020_HDMI_Display_30FPS\example_top.v(269): Input/inout port cmos_data[7] is unconnected and will be removed. [VDB-8003]
WARNING  : D:\degree2\FPGA\Nocascope_3\Nocascope_2\1103\Ti60F225_AD2020_HDMI_Display_30FPS\example_top.v(270): Input/inout port cmos_ctl1 is unconnected and will be removed. [VDB-8003]
WARNING  : D:\degree2\FPGA\Nocascope_3\Nocascope_2\1103\Ti60F225_AD2020_HDMI_Display_30FPS\example_top.v(320): Input/inout port lcd_tp_sda_i is unconnected and will be removed. [VDB-8003]
WARNING  : D:\degree2\FPGA\Nocascope_3\Nocascope_2\1103\Ti60F225_AD2020_HDMI_Display_30FPS\example_top.v(324): Input/inout port lcd_tp_scl_i is unconnected and will be removed. [VDB-8003]
WARNING  : D:\degree2\FPGA\Nocascope_3\Nocascope_2\1103\Ti60F225_AD2020_HDMI_Display_30FPS\example_top.v(328): Input/inout port lcd_tp_int_i is unconnected and will be removed. [VDB-8003]
WARNING  : D:\degree2\FPGA\Nocascope_3\Nocascope_2\1103\Ti60F225_AD2020_HDMI_Display_30FPS\example_top.v(348): Input/inout port lcd_b7_0_i[7] is unconnected and will be removed. [VDB-8003]
WARNING  : D:\degree2\FPGA\Nocascope_3\Nocascope_2\1103\Ti60F225_AD2020_HDMI_Display_30FPS\example_top.v(349): Input/inout port lcd_g7_0_i[7] is unconnected and will be removed. [VDB-8003]
WARNING  : D:\degree2\FPGA\Nocascope_3\Nocascope_2\1103\Ti60F225_AD2020_HDMI_Display_30FPS\example_top.v(350): Input/inout port lcd_r7_0_i[7] is unconnected and will be removed. [VDB-8003]
WARNING  : CE port of EFX_DSP24 instance u_rgb2cbcr/mult_15 is permanently disabled [VDB-8002]
WARNING  : CE port of EFX_DSP24 instance u_rgb2cbcr/mult_16 is permanently disabled [VDB-8002]
WARNING  : CE port of EFX_DSP24 instance u_rgb2cbcr/mult_17 is permanently disabled [VDB-8002]
WARNING  : CE port of EFX_DSP24 instance u_rgb2cbcr/mult_18 is permanently disabled [VDB-8002]
WARNING  : CE port of EFX_DSP24 instance u_rgb2cbcr/mult_19 is permanently disabled [VDB-8002]
WARNING  : CE port of EFX_DSP24 instance u_rgb2cbcr/mult_20 is permanently disabled [VDB-8002]
WARNING  : CE port of EFX_DSP24 instance u_rgb2cbcr/mult_21 is permanently disabled [VDB-8002]
WARNING  : CE port of EFX_DSP24 instance u_yuv2rgb/mult_12 is permanently disabled [VDB-8002]
WARNING  : CE port of EFX_DSP24 instance u_yuv2rgb/mult_13 is permanently disabled [VDB-8002]
WARNING  : CE port of EFX_DSP24 instance u_yuv2rgb/mult_16 is permanently disabled [VDB-8002]
WARNING  : CE port of EFX_DSP48 instance u_yuv2rgb/mult_14 is permanently disabled [VDB-8002]
WARNING  : CE port of EFX_DSP48 instance u_yuv2rgb/mult_15 is permanently disabled [VDB-8002]
WARNING  : CE port of EFX_DSP24 instance u_AWB/u_isp_wb/mult_12 is permanently disabled [VDB-8002]
WARNING  : CE port of EFX_DSP24 instance u_AWB/u_isp_wb/mult_14 is permanently disabled [VDB-8002]
WARNING  : Found 111 warnings in the post-synthesis netlist.
INFO     : VDB Netlist Checker took 0.0380533 seconds.
INFO     : 	VDB Netlist Checker took 0.0625 seconds (approximately) in total CPU time.
INFO     : VDB Netlist Checker virtual memory usage: begin = 119.36 MB, end = 120.124 MB, delta = 0.764 MB
INFO     : 	VDB Netlist Checker peak virtual memory usage = 120.132 MB
INFO     : VDB Netlist Checker resident set memory usage: begin = 105.028 MB, end = 106.192 MB, delta = 1.164 MB
INFO     : 	VDB Netlist Checker peak resident set memory usage = 106.192 MB
INFO     : ***** Ending VDB Netlist Checker ... *****
INFO     : Reading core interface constraints file "D:/degree2/FPGA/Nocascope_3/Nocascope_2/1103/Ti60F225_AD2020_HDMI_Display_30FPS/outflow/Ti60_Demo.interface.csv"
INFO     : Successfully read core interface constraints file "D:/degree2/FPGA/Nocascope_3/Nocascope_2/1103/Ti60F225_AD2020_HDMI_Display_30FPS/outflow/Ti60_Demo.interface.csv"
INFO     : Net clk_lvds_1x promoted to global due to interface constraints.
INFO     : Net cmos_pclk promoted to global due to interface constraints.
INFO     : Net clk_pixel_10x promoted to global due to interface constraints.
INFO     : Net clk_lvds_7x promoted to global due to interface constraints.
INFO     : Net clk_27m promoted to global due to interface constraints.
INFO     : Net dsi_serclk_i promoted to global due to interface constraints.
INFO     : Net dsi_byteclk_i promoted to global due to interface constraints.
INFO     : Net dsi_txcclk_i promoted to global due to interface constraints.
INFO     : Found 0 constant generator nets.
INFO     : Pass 0: Swept away 0 nets with no fanout.
INFO     : logical_block #0(clk_24m) has no fanout.
INFO     : Removing input.
INFO     : logical_block #1(clk_25m) has no fanout.
INFO     : Removing input.
INFO     : logical_block #5(clk_pixel_2x) has no fanout.
INFO     : Removing input.
INFO     : logical_block #9(dsi_refclk_i) has no fanout.
INFO     : Removing input.
INFO     : logical_block #33(clk_54m) has no fanout.
INFO     : Removing input.
INFO     : logical_block #149(i_dqs_n_hi[1]) has no fanout.
INFO     : Removing input.
INFO     : logical_block #150(i_dqs_n_hi[0]) has no fanout.
INFO     : Removing input.
INFO     : logical_block #151(i_dqs_n_lo[1]) has no fanout.
INFO     : Removing input.
INFO     : logical_block #152(i_dqs_n_lo[0]) has no fanout.
INFO     : Removing input.
INFO     : logical_block #171(csi_ctl0_i) has no fanout.
INFO     : Removing input.
INFO     : logical_block #174(csi_ctl1_i) has no fanout.
INFO     : Removing input.
INFO     : logical_block #177(csi_scl_i) has no fanout.
INFO     : Removing input.
INFO     : logical_block #202(csi_rxd1_lp_n_i) has no fanout.
INFO     : Removing input.
INFO     : logical_block #203(csi_rxd1_lp_p_i) has no fanout.
INFO     : Removing input.
INFO     : logical_block #204(csi_rxd1_hs_i[7]) has no fanout.
INFO     : Removing input.
INFO     : logical_block #205(csi_rxd1_hs_i[6]) has no fanout.
INFO     : Removing input.
INFO     : logical_block #206(csi_rxd1_hs_i[5]) has no fanout.
INFO     : Removing input.
INFO     : logical_block #207(csi_rxd1_hs_i[4]) has no fanout.
INFO     : Removing input.
INFO     : logical_block #208(csi_rxd1_hs_i[3]) has no fanout.
INFO     : Removing input.
INFO     : logical_block #209(csi_rxd1_hs_i[2]) has no fanout.
INFO     : Removing input.
INFO     : logical_block #210(csi_rxd1_hs_i[1]) has no fanout.
INFO     : Removing input.
INFO     : logical_block #211(csi_rxd1_hs_i[0]) has no fanout.
INFO     : Removing input.
INFO     : logical_block #215(csi_rxd2_lp_p_i) has no fanout.
INFO     : Removing input.
INFO     : logical_block #216(csi_rxd2_lp_n_i) has no fanout.
INFO     : Removing input.
INFO     : logical_block #217(csi_rxd2_hs_i[7]) has no fanout.
INFO     : Removing input.
INFO     : logical_block #218(csi_rxd2_hs_i[6]) has no fanout.
INFO     : Removing input.
INFO     : logical_block #219(csi_rxd2_hs_i[5]) has no fanout.
INFO     : Removing input.
INFO     : logical_block #220(csi_rxd2_hs_i[4]) has no fanout.
INFO     : Removing input.
INFO     : logical_block #221(csi_rxd2_hs_i[3]) has no fanout.
INFO     : Removing input.
INFO     : logical_block #222(csi_rxd2_hs_i[2]) has no fanout.
INFO     : Removing input.
INFO     : logical_block #223(csi_rxd2_hs_i[1]) has no fanout.
INFO     : Removing input.
INFO     : logical_block #224(csi_rxd2_hs_i[0]) has no fanout.
INFO     : Removing input.
INFO     : logical_block #228(csi_rxd3_lp_p_i) has no fanout.
INFO     : Removing input.
INFO     : logical_block #229(csi_rxd3_lp_n_i) has no fanout.
INFO     : Removing input.
INFO     : logical_block #230(csi_rxd3_hs_i[7]) has no fanout.
INFO     : Removing input.
INFO     : logical_block #231(csi_rxd3_hs_i[6]) has no fanout.
INFO     : Removing input.
INFO     : logical_block #232(csi_rxd3_hs_i[5]) has no fanout.
INFO     : Removing input.
INFO     : logical_block #233(csi_rxd3_hs_i[4]) has no fanout.
INFO     : Removing input.
INFO     : logical_block #234(csi_rxd3_hs_i[3]) has no fanout.
INFO     : Removing input.
INFO     : logical_block #235(csi_rxd3_hs_i[2]) has no fanout.
INFO     : Removing input.
INFO     : logical_block #236(csi_rxd3_hs_i[1]) has no fanout.
INFO     : Removing input.
INFO     : logical_block #237(csi_rxd3_hs_i[0]) has no fanout.
INFO     : Removing input.
INFO     : logical_block #310(dsi_txd0_lp_p_i) has no fanout.
INFO     : Removing input.
INFO     : logical_block #311(dsi_txd0_lp_n_i) has no fanout.
INFO     : Removing input.
INFO     : logical_block #312(dsi_txd1_lp_p_i) has no fanout.
INFO     : Removing input.
INFO     : logical_block #313(dsi_txd1_lp_n_i) has no fanout.
INFO     : Removing input.
INFO     : logical_block #314(dsi_txd2_lp_p_i) has no fanout.
INFO     : Removing input.
INFO     : logical_block #315(dsi_txd2_lp_n_i) has no fanout.
INFO     : Removing input.
INFO     : logical_block #316(dsi_txd3_lp_p_i) has no fanout.
INFO     : Removing input.
INFO     : logical_block #317(dsi_txd3_lp_n_i) has no fanout.
INFO     : Removing input.
INFO     : logical_block #327(cmos_sdat_IN) has no fanout.
INFO     : Removing input.
INFO     : logical_block #331(cmos_vsync) has no fanout.
INFO     : Removing input.
INFO     : logical_block #332(cmos_href) has no fanout.
INFO     : Removing input.
INFO     : logical_block #333(cmos_data[7]) has no fanout.
INFO     : Removing input.
INFO     : logical_block #334(cmos_data[6]) has no fanout.
INFO     : Removing input.
INFO     : logical_block #335(cmos_data[5]) has no fanout.
INFO     : Removing input.
INFO     : logical_block #336(cmos_data[4]) has no fanout.
INFO     : Removing input.
INFO     : logical_block #337(cmos_data[3]) has no fanout.
INFO     : Removing input.
INFO     : logical_block #338(cmos_data[2]) has no fanout.
INFO     : Removing input.
INFO     : logical_block #339(cmos_data[1]) has no fanout.
INFO     : Removing input.
INFO     : logical_block #340(cmos_data[0]) has no fanout.
INFO     : Removing input.
INFO     : logical_block #341(cmos_ctl1) has no fanout.
INFO     : Removing input.
INFO     : logical_block #439(lcd_tp_sda_i) has no fanout.
INFO     : Removing input.
INFO     : logical_block #442(lcd_tp_scl_i) has no fanout.
INFO     : Removing input.
INFO     : logical_block #445(lcd_tp_int_i) has no fanout.
INFO     : Removing input.
INFO     : logical_block #500(lcd_b7_0_i[7]) has no fanout.
INFO     : Removing input.
INFO     : logical_block #501(lcd_b7_0_i[6]) has no fanout.
INFO     : Removing input.
INFO     : logical_block #502(lcd_b7_0_i[5]) has no fanout.
INFO     : Removing input.
INFO     : logical_block #503(lcd_b7_0_i[4]) has no fanout.
INFO     : Removing input.
INFO     : logical_block #504(lcd_b7_0_i[3]) has no fanout.
INFO     : Removing input.
INFO     : logical_block #505(lcd_b7_0_i[2]) has no fanout.
INFO     : Removing input.
INFO     : logical_block #506(lcd_b7_0_i[1]) has no fanout.
INFO     : Removing input.
INFO     : logical_block #507(lcd_b7_0_i[0]) has no fanout.
INFO     : Removing input.
INFO     : logical_block #508(lcd_g7_0_i[7]) has no fanout.
INFO     : Removing input.
INFO     : logical_block #509(lcd_g7_0_i[6]) has no fanout.
INFO     : Removing input.
INFO     : logical_block #510(lcd_g7_0_i[5]) has no fanout.
INFO     : Removing input.
INFO     : logical_block #511(lcd_g7_0_i[4]) has no fanout.
INFO     : Removing input.
INFO     : logical_block #512(lcd_g7_0_i[3]) has no fanout.
INFO     : Removing input.
INFO     : logical_block #513(lcd_g7_0_i[2]) has no fanout.
INFO     : Removing input.
INFO     : logical_block #514(lcd_g7_0_i[1]) has no fanout.
INFO     : Removing input.
INFO     : logical_block #515(lcd_g7_0_i[0]) has no fanout.
INFO     : Removing input.
INFO     : logical_block #516(lcd_r7_0_i[7]) has no fanout.
INFO     : Removing input.
INFO     : logical_block #517(lcd_r7_0_i[6]) has no fanout.
INFO     : Removing input.
INFO     : logical_block #518(lcd_r7_0_i[5]) has no fanout.
INFO     : Removing input.
INFO     : logical_block #519(lcd_r7_0_i[4]) has no fanout.
INFO     : Removing input.
INFO     : logical_block #520(lcd_r7_0_i[3]) has no fanout.
INFO     : Removing input.
INFO     : logical_block #521(lcd_r7_0_i[2]) has no fanout.
INFO     : Removing input.
INFO     : logical_block #522(lcd_r7_0_i[1]) has no fanout.
INFO     : Removing input.
INFO     : logical_block #523(lcd_r7_0_i[0]) has no fanout.
INFO     : Removing input.
INFO     : Pass 0: Swept away 89 blocks with no fanout.
INFO     : Pass 1: Swept away 0 nets with no fanout.
INFO     : Pass 1: Swept away 0 blocks with no fanout.
INFO     : Swept away 0 nets and 89 blocks in total.
INFO     : Removed 0 LUT buffers
INFO     : Sweept away 89 nodes
INFO     : Successfully created VPR logical netlist from Verific binary DataBase file "D:/degree2/FPGA/Nocascope_3/Nocascope_2/1103/Ti60F225_AD2020_HDMI_Display_30FPS/outflow/Ti60_Demo.vdb".
INFO     : Netlist pre-processing took 0.391478 seconds.
INFO     : 	Netlist pre-processing took 0.390625 seconds (approximately) in total CPU time.
INFO     : Netlist pre-processing virtual memory usage: begin = 119.36 MB, end = 144.492 MB, delta = 25.132 MB
INFO     : 	Netlist pre-processing peak virtual memory usage = 144.492 MB
INFO     : Netlist pre-processing resident set memory usage: begin = 96.988 MB, end = 152.084 MB, delta = 55.096 MB
INFO     : 	Netlist pre-processing peak resident set memory usage = 152.084 MB
           ***** Ending stage netlist pre-processing *****
           
INFO     : Load Global Network took 1.04787 seconds.
INFO     : 	Load Global Network took 0.28125 seconds (approximately) in total CPU time.
INFO     : Load Global Network virtual memory usage: begin = 144.492 MB, end = 144.504 MB, delta = 0.012 MB
INFO     : 	Load Global Network peak virtual memory usage = 144.504 MB
INFO     : Load Global Network resident set memory usage: begin = 152.172 MB, end = 152.74 MB, delta = 0.568 MB
INFO     : 	Load Global Network peak resident set memory usage = 152.74 MB
INFO     : Reading C:/Efinity/2025.1/arch/.\rr_pb_hier_mapping.xml
           ***** Beginning stage pre-packing ... *****
           ***** Ending stage pre-packing *****
           
           ***** Beginning stage packing ... *****
INFO     : 	[PrepackAnalyzer] Cannot pack adder chain size=14, u_afifo_w32r8_reshape/u_efx_fifo_top/xefx_fifo_ctl/add_29/i14
INFO     : Generate proto netlist for file "D:/degree2/FPGA/Nocascope_3/Nocascope_2/1103/Ti60F225_AD2020_HDMI_Display_30FPS/work_pnr\Ti60_Demo.net_proto" took 0.076 seconds
INFO     : Creating IO constraints file 'D:/degree2/FPGA/Nocascope_3/Nocascope_2/1103/Ti60F225_AD2020_HDMI_Display_30FPS/work_pnr\Ti60_Demo.io_place'
INFO     : Packing took 0.222376 seconds.
INFO     : 	Packing took 0.203125 seconds (approximately) in total CPU time.
INFO     : Packing virtual memory usage: begin = 154.508 MB, end = 179.132 MB, delta = 24.624 MB
INFO     : 	Packing peak virtual memory usage = 179.132 MB
INFO     : Packing resident set memory usage: begin = 162.548 MB, end = 187.268 MB, delta = 24.72 MB
INFO     : 	Packing peak resident set memory usage = 187.268 MB
           ***** Ending stage packing *****
           
INFO     : Read proto netlist file D:/degree2/FPGA/Nocascope_3/Nocascope_2/1103/Ti60F225_AD2020_HDMI_Display_30FPS/work_pnr\Ti60_Demo.net_proto
INFO     : Read proto netlist for file "D:/degree2/FPGA/Nocascope_3/Nocascope_2/1103/Ti60F225_AD2020_HDMI_Display_30FPS/work_pnr\Ti60_Demo.net_proto" took 0.025 seconds
INFO     : Setup net and block data structure took 0.259 seconds
INFO     : Reading core interface constraints file "D:/degree2/FPGA/Nocascope_3/Nocascope_2/1103/Ti60F225_AD2020_HDMI_Display_30FPS/outflow/Ti60_Demo.interface.csv"
INFO     : Successfully read core interface constraints file "D:/degree2/FPGA/Nocascope_3/Nocascope_2/1103/Ti60F225_AD2020_HDMI_Display_30FPS/outflow/Ti60_Demo.interface.csv"
WARNING  : Found 111 warnings in the post-synthesis netlist.
INFO     : Reading core interface constraints file "D:/degree2/FPGA/Nocascope_3/Nocascope_2/1103/Ti60F225_AD2020_HDMI_Display_30FPS/outflow/Ti60_Demo.interface.csv"
INFO     : Successfully read core interface constraints file "D:/degree2/FPGA/Nocascope_3/Nocascope_2/1103/Ti60F225_AD2020_HDMI_Display_30FPS/outflow/Ti60_Demo.interface.csv"
           ***** Beginning stage packed netlist loading ... *****
INFO     : Read proto netlist file D:/degree2/FPGA/Nocascope_3/Nocascope_2/1103/Ti60F225_AD2020_HDMI_Display_30FPS/work_pnr\Ti60_Demo.net_proto
INFO     : Read proto netlist for file "D:/degree2/FPGA/Nocascope_3/Nocascope_2/1103/Ti60F225_AD2020_HDMI_Display_30FPS/work_pnr\Ti60_Demo.net_proto" took 0.027 seconds
INFO     : Setup net and block data structure took 0.265 seconds
INFO     : Packed netlist loading took 0.305906 seconds.
INFO     : 	Packed netlist loading took 0.296875 seconds (approximately) in total CPU time.
INFO     : Packed netlist loading virtual memory usage: begin = 325.572 MB, end = 325.572 MB, delta = 0 MB
INFO     : 	Packed netlist loading peak virtual memory usage = 325.572 MB
INFO     : Packed netlist loading resident set memory usage: begin = 331.052 MB, end = 331.096 MB, delta = 0.044 MB
INFO     : 	Packed netlist loading peak resident set memory usage = 331.096 MB
           ***** Ending stage packed netlist loading *****
           
           ***** Beginning stage pre-placement ... *****
INFO     : High resource utilization found. Software will optimize placement for routability
           
           ***** Ending stage pre-placement *****
           
WARNING  : [SDC D:/degree2/FPGA/Nocascope_3/Nocascope_2/1103/Ti60F225_AD2020_HDMI_Display_30FPS/Ti60_Demo.pt.sdc:14] No valid object(s) found for 'dsi_refclk_i'
WARNING  : [SDC D:/degree2/FPGA/Nocascope_3/Nocascope_2/1103/Ti60F225_AD2020_HDMI_Display_30FPS/Ti60_Demo.pt.sdc:14] No valid pin(s) found for clock
WARNING  : [SDC D:/degree2/FPGA/Nocascope_3/Nocascope_2/1103/Ti60F225_AD2020_HDMI_Display_30FPS/Ti60_Demo.pt.sdc:14] Unable to run 'create_clock' constraint due to warnings found
WARNING  : [SDC D:/degree2/FPGA/Nocascope_3/Nocascope_2/1103/Ti60F225_AD2020_HDMI_Display_30FPS/Ti60_Demo.pt.sdc:24] No valid object(s) found for 'clk_pixel_2x'
WARNING  : [SDC D:/degree2/FPGA/Nocascope_3/Nocascope_2/1103/Ti60F225_AD2020_HDMI_Display_30FPS/Ti60_Demo.pt.sdc:24] No valid pin(s) found for clock
WARNING  : [SDC D:/degree2/FPGA/Nocascope_3/Nocascope_2/1103/Ti60F225_AD2020_HDMI_Display_30FPS/Ti60_Demo.pt.sdc:24] Unable to run 'create_clock' constraint due to warnings found
WARNING  : [SDC D:/degree2/FPGA/Nocascope_3/Nocascope_2/1103/Ti60F225_AD2020_HDMI_Display_30FPS/Ti60_Demo.pt.sdc:29] No valid object(s) found for 'clk_54m'
WARNING  : [SDC D:/degree2/FPGA/Nocascope_3/Nocascope_2/1103/Ti60F225_AD2020_HDMI_Display_30FPS/Ti60_Demo.pt.sdc:29] No valid pin(s) found for clock
WARNING  : [SDC D:/degree2/FPGA/Nocascope_3/Nocascope_2/1103/Ti60F225_AD2020_HDMI_Display_30FPS/Ti60_Demo.pt.sdc:29] Unable to run 'create_clock' constraint due to warnings found
WARNING  : [SDC D:/degree2/FPGA/Nocascope_3/Nocascope_2/1103/Ti60F225_AD2020_HDMI_Display_30FPS/Ti60_Demo.pt.sdc:35] set_clock_groups: Defaulting to -exclusive since none of the required option was specified
WARNING  : No ports matched 'cmos_data[0]'
WARNING  : [SDC D:/degree2/FPGA/Nocascope_3/Nocascope_2/1103/Ti60F225_AD2020_HDMI_Display_30FPS/Ti60_Demo.pt.sdc:78] set_input_delay: No valid input port(s) found
WARNING  : [SDC D:/degree2/FPGA/Nocascope_3/Nocascope_2/1103/Ti60F225_AD2020_HDMI_Display_30FPS/Ti60_Demo.pt.sdc:78] Unable to run 'set_input_delay' constraint due to warnings found
WARNING  : No ports matched 'cmos_data[0]'
WARNING  : [SDC D:/degree2/FPGA/Nocascope_3/Nocascope_2/1103/Ti60F225_AD2020_HDMI_Display_30FPS/Ti60_Demo.pt.sdc:79] set_input_delay: No valid input port(s) found
WARNING  : [SDC D:/degree2/FPGA/Nocascope_3/Nocascope_2/1103/Ti60F225_AD2020_HDMI_Display_30FPS/Ti60_Demo.pt.sdc:79] Unable to run 'set_input_delay' constraint due to warnings found
WARNING  : No ports matched 'cmos_data[1]'
WARNING  : [SDC D:/degree2/FPGA/Nocascope_3/Nocascope_2/1103/Ti60F225_AD2020_HDMI_Display_30FPS/Ti60_Demo.pt.sdc:80] set_input_delay: No valid input port(s) found
WARNING  : [SDC D:/degree2/FPGA/Nocascope_3/Nocascope_2/1103/Ti60F225_AD2020_HDMI_Display_30FPS/Ti60_Demo.pt.sdc:80] Unable to run 'set_input_delay' constraint due to warnings found
WARNING  : No ports matched 'cmos_data[1]'
WARNING  : [SDC D:/degree2/FPGA/Nocascope_3/Nocascope_2/1103/Ti60F225_AD2020_HDMI_Display_30FPS/Ti60_Demo.pt.sdc:81] set_input_delay: No valid input port(s) found
WARNING  : [SDC D:/degree2/FPGA/Nocascope_3/Nocascope_2/1103/Ti60F225_AD2020_HDMI_Display_30FPS/Ti60_Demo.pt.sdc:81] Unable to run 'set_input_delay' constraint due to warnings found
WARNING  : No ports matched 'cmos_data[2]'
WARNING  : [SDC D:/degree2/FPGA/Nocascope_3/Nocascope_2/1103/Ti60F225_AD2020_HDMI_Display_30FPS/Ti60_Demo.pt.sdc:82] set_input_delay: No valid input port(s) found
WARNING  : [SDC D:/degree2/FPGA/Nocascope_3/Nocascope_2/1103/Ti60F225_AD2020_HDMI_Display_30FPS/Ti60_Demo.pt.sdc:82] Unable to run 'set_input_delay' constraint due to warnings found
WARNING  : No ports matched 'cmos_data[2]'
WARNING  : [SDC D:/degree2/FPGA/Nocascope_3/Nocascope_2/1103/Ti60F225_AD2020_HDMI_Display_30FPS/Ti60_Demo.pt.sdc:83] set_input_delay: No valid input port(s) found
WARNING  : [SDC D:/degree2/FPGA/Nocascope_3/Nocascope_2/1103/Ti60F225_AD2020_HDMI_Display_30FPS/Ti60_Demo.pt.sdc:83] Unable to run 'set_input_delay' constraint due to warnings found
WARNING  : No ports matched 'cmos_data[3]'
WARNING  : [SDC D:/degree2/FPGA/Nocascope_3/Nocascope_2/1103/Ti60F225_AD2020_HDMI_Display_30FPS/Ti60_Demo.pt.sdc:84] set_input_delay: No valid input port(s) found
WARNING  : [SDC D:/degree2/FPGA/Nocascope_3/Nocascope_2/1103/Ti60F225_AD2020_HDMI_Display_30FPS/Ti60_Demo.pt.sdc:84] Unable to run 'set_input_delay' constraint due to warnings found
WARNING  : No ports matched 'cmos_data[3]'
WARNING  : [SDC D:/degree2/FPGA/Nocascope_3/Nocascope_2/1103/Ti60F225_AD2020_HDMI_Display_30FPS/Ti60_Demo.pt.sdc:85] set_input_delay: No valid input port(s) found
WARNING  : [SDC D:/degree2/FPGA/Nocascope_3/Nocascope_2/1103/Ti60F225_AD2020_HDMI_Display_30FPS/Ti60_Demo.pt.sdc:85] Unable to run 'set_input_delay' constraint due to warnings found
WARNING  : No ports matched 'cmos_data[4]'
WARNING  : [SDC D:/degree2/FPGA/Nocascope_3/Nocascope_2/1103/Ti60F225_AD2020_HDMI_Display_30FPS/Ti60_Demo.pt.sdc:86] set_input_delay: No valid input port(s) found
WARNING  : [SDC D:/degree2/FPGA/Nocascope_3/Nocascope_2/1103/Ti60F225_AD2020_HDMI_Display_30FPS/Ti60_Demo.pt.sdc:86] Unable to run 'set_input_delay' constraint due to warnings found
WARNING  : No ports matched 'cmos_data[4]'
WARNING  : [SDC D:/degree2/FPGA/Nocascope_3/Nocascope_2/1103/Ti60F225_AD2020_HDMI_Display_30FPS/Ti60_Demo.pt.sdc:87] set_input_delay: No valid input port(s) found
WARNING  : [SDC D:/degree2/FPGA/Nocascope_3/Nocascope_2/1103/Ti60F225_AD2020_HDMI_Display_30FPS/Ti60_Demo.pt.sdc:87] Unable to run 'set_input_delay' constraint due to warnings found
WARNING  : No ports matched 'cmos_data[5]'
WARNING  : [SDC D:/degree2/FPGA/Nocascope_3/Nocascope_2/1103/Ti60F225_AD2020_HDMI_Display_30FPS/Ti60_Demo.pt.sdc:88] set_input_delay: No valid input port(s) found
WARNING  : [SDC D:/degree2/FPGA/Nocascope_3/Nocascope_2/1103/Ti60F225_AD2020_HDMI_Display_30FPS/Ti60_Demo.pt.sdc:88] Unable to run 'set_input_delay' constraint due to warnings found
WARNING  : No ports matched 'cmos_data[5]'
WARNING  : [SDC D:/degree2/FPGA/Nocascope_3/Nocascope_2/1103/Ti60F225_AD2020_HDMI_Display_30FPS/Ti60_Demo.pt.sdc:89] set_input_delay: No valid input port(s) found
WARNING  : [SDC D:/degree2/FPGA/Nocascope_3/Nocascope_2/1103/Ti60F225_AD2020_HDMI_Display_30FPS/Ti60_Demo.pt.sdc:89] Unable to run 'set_input_delay' constraint due to warnings found
WARNING  : No ports matched 'cmos_data[6]'
WARNING  : [SDC D:/degree2/FPGA/Nocascope_3/Nocascope_2/1103/Ti60F225_AD2020_HDMI_Display_30FPS/Ti60_Demo.pt.sdc:90] set_input_delay: No valid input port(s) found
WARNING  : [SDC D:/degree2/FPGA/Nocascope_3/Nocascope_2/1103/Ti60F225_AD2020_HDMI_Display_30FPS/Ti60_Demo.pt.sdc:90] Unable to run 'set_input_delay' constraint due to warnings found
WARNING  : No ports matched 'cmos_data[6]'
WARNING  : [SDC D:/degree2/FPGA/Nocascope_3/Nocascope_2/1103/Ti60F225_AD2020_HDMI_Display_30FPS/Ti60_Demo.pt.sdc:91] set_input_delay: No valid input port(s) found
WARNING  : [SDC D:/degree2/FPGA/Nocascope_3/Nocascope_2/1103/Ti60F225_AD2020_HDMI_Display_30FPS/Ti60_Demo.pt.sdc:91] Unable to run 'set_input_delay' constraint due to warnings found
WARNING  : No ports matched 'cmos_data[7]'
WARNING  : [SDC D:/degree2/FPGA/Nocascope_3/Nocascope_2/1103/Ti60F225_AD2020_HDMI_Display_30FPS/Ti60_Demo.pt.sdc:92] set_input_delay: No valid input port(s) found
WARNING  : [SDC D:/degree2/FPGA/Nocascope_3/Nocascope_2/1103/Ti60F225_AD2020_HDMI_Display_30FPS/Ti60_Demo.pt.sdc:92] Unable to run 'set_input_delay' constraint due to warnings found
WARNING  : No ports matched 'cmos_data[7]'
WARNING  : [SDC D:/degree2/FPGA/Nocascope_3/Nocascope_2/1103/Ti60F225_AD2020_HDMI_Display_30FPS/Ti60_Demo.pt.sdc:93] set_input_delay: No valid input port(s) found
WARNING  : [SDC D:/degree2/FPGA/Nocascope_3/Nocascope_2/1103/Ti60F225_AD2020_HDMI_Display_30FPS/Ti60_Demo.pt.sdc:93] Unable to run 'set_input_delay' constraint due to warnings found
WARNING  : No ports matched 'cmos_href'
WARNING  : [SDC D:/degree2/FPGA/Nocascope_3/Nocascope_2/1103/Ti60F225_AD2020_HDMI_Display_30FPS/Ti60_Demo.pt.sdc:94] set_input_delay: No valid input port(s) found
WARNING  : [SDC D:/degree2/FPGA/Nocascope_3/Nocascope_2/1103/Ti60F225_AD2020_HDMI_Display_30FPS/Ti60_Demo.pt.sdc:94] Unable to run 'set_input_delay' constraint due to warnings found
WARNING  : No ports matched 'cmos_href'
WARNING  : [SDC D:/degree2/FPGA/Nocascope_3/Nocascope_2/1103/Ti60F225_AD2020_HDMI_Display_30FPS/Ti60_Demo.pt.sdc:95] set_input_delay: No valid input port(s) found
WARNING  : [SDC D:/degree2/FPGA/Nocascope_3/Nocascope_2/1103/Ti60F225_AD2020_HDMI_Display_30FPS/Ti60_Demo.pt.sdc:95] Unable to run 'set_input_delay' constraint due to warnings found
WARNING  : No ports matched 'cmos_vsync'
WARNING  : [SDC D:/degree2/FPGA/Nocascope_3/Nocascope_2/1103/Ti60F225_AD2020_HDMI_Display_30FPS/Ti60_Demo.pt.sdc:96] set_input_delay: No valid input port(s) found
WARNING  : [SDC D:/degree2/FPGA/Nocascope_3/Nocascope_2/1103/Ti60F225_AD2020_HDMI_Display_30FPS/Ti60_Demo.pt.sdc:96] Unable to run 'set_input_delay' constraint due to warnings found
WARNING  : No ports matched 'cmos_vsync'
WARNING  : [SDC D:/degree2/FPGA/Nocascope_3/Nocascope_2/1103/Ti60F225_AD2020_HDMI_Display_30FPS/Ti60_Demo.pt.sdc:97] set_input_delay: No valid input port(s) found
WARNING  : [SDC D:/degree2/FPGA/Nocascope_3/Nocascope_2/1103/Ti60F225_AD2020_HDMI_Display_30FPS/Ti60_Demo.pt.sdc:97] Unable to run 'set_input_delay' constraint due to warnings found
WARNING  : No ports matched 'i_dqs_n_lo[0]'
WARNING  : No ports matched 'i_dqs_n_hi[0]'
WARNING  : [SDC D:/degree2/FPGA/Nocascope_3/Nocascope_2/1103/Ti60F225_AD2020_HDMI_Display_30FPS/Ti60_Demo.pt.sdc:341] set_input_delay: No valid input port(s) found
WARNING  : [SDC D:/degree2/FPGA/Nocascope_3/Nocascope_2/1103/Ti60F225_AD2020_HDMI_Display_30FPS/Ti60_Demo.pt.sdc:341] Unable to run 'set_input_delay' constraint due to warnings found
WARNING  : No ports matched 'i_dqs_n_hi[0]'
WARNING  : No ports matched 'i_dqs_n_lo[0]'
WARNING  : [SDC D:/degree2/FPGA/Nocascope_3/Nocascope_2/1103/Ti60F225_AD2020_HDMI_Display_30FPS/Ti60_Demo.pt.sdc:342] set_input_delay: No valid input port(s) found
WARNING  : [SDC D:/degree2/FPGA/Nocascope_3/Nocascope_2/1103/Ti60F225_AD2020_HDMI_Display_30FPS/Ti60_Demo.pt.sdc:342] Unable to run 'set_input_delay' constraint due to warnings found
WARNING  : No ports matched 'i_dqs_n_lo[1]'
WARNING  : No ports matched 'i_dqs_n_hi[1]'
WARNING  : [SDC D:/degree2/FPGA/Nocascope_3/Nocascope_2/1103/Ti60F225_AD2020_HDMI_Display_30FPS/Ti60_Demo.pt.sdc:347] set_input_delay: No valid input port(s) found
WARNING  : [SDC D:/degree2/FPGA/Nocascope_3/Nocascope_2/1103/Ti60F225_AD2020_HDMI_Display_30FPS/Ti60_Demo.pt.sdc:347] Unable to run 'set_input_delay' constraint due to warnings found
WARNING  : No ports matched 'i_dqs_n_lo[1]'
WARNING  : No ports matched 'i_dqs_n_hi[1]'
WARNING  : [SDC D:/degree2/FPGA/Nocascope_3/Nocascope_2/1103/Ti60F225_AD2020_HDMI_Display_30FPS/Ti60_Demo.pt.sdc:348] set_input_delay: No valid input port(s) found
WARNING  : [SDC D:/degree2/FPGA/Nocascope_3/Nocascope_2/1103/Ti60F225_AD2020_HDMI_Display_30FPS/Ti60_Demo.pt.sdc:348] Unable to run 'set_input_delay' constraint due to warnings found
WARNING  : No ports matched 'csi_rxc_i~CLKOUT~218~278'
WARNING  : No ports matched 'csi_rxd0_fifo_rd_o'
WARNING  : [SDC D:/degree2/FPGA/Nocascope_3/Nocascope_2/1103/Ti60F225_AD2020_HDMI_Display_30FPS/Ti60_Demo.pt.sdc:576] set_output_delay: No valid output port found for -reference_pin
WARNING  : [SDC D:/degree2/FPGA/Nocascope_3/Nocascope_2/1103/Ti60F225_AD2020_HDMI_Display_30FPS/Ti60_Demo.pt.sdc:576] Unable to run 'set_output_delay' constraint due to warnings found
WARNING  : No ports matched 'csi_rxc_i~CLKOUT~218~278'
WARNING  : No ports matched 'csi_rxd0_fifo_rd_o'
WARNING  : [SDC D:/degree2/FPGA/Nocascope_3/Nocascope_2/1103/Ti60F225_AD2020_HDMI_Display_30FPS/Ti60_Demo.pt.sdc:577] set_output_delay: No valid output port found for -reference_pin
WARNING  : [SDC D:/degree2/FPGA/Nocascope_3/Nocascope_2/1103/Ti60F225_AD2020_HDMI_Display_30FPS/Ti60_Demo.pt.sdc:577] Unable to run 'set_output_delay' constraint due to warnings found
WARNING  : No ports matched 'csi_rxc_i~CLKOUT~218~278'
WARNING  : [SDC D:/degree2/FPGA/Nocascope_3/Nocascope_2/1103/Ti60F225_AD2020_HDMI_Display_30FPS/Ti60_Demo.pt.sdc:578] set_output_delay: No valid output port found for -reference_pin
WARNING  : [SDC D:/degree2/FPGA/Nocascope_3/Nocascope_2/1103/Ti60F225_AD2020_HDMI_Display_30FPS/Ti60_Demo.pt.sdc:578] Unable to run 'set_output_delay' constraint due to warnings found
WARNING  : No ports matched 'csi_rxc_i~CLKOUT~218~278'
WARNING  : [SDC D:/degree2/FPGA/Nocascope_3/Nocascope_2/1103/Ti60F225_AD2020_HDMI_Display_30FPS/Ti60_Demo.pt.sdc:579] set_output_delay: No valid output port found for -reference_pin
WARNING  : [SDC D:/degree2/FPGA/Nocascope_3/Nocascope_2/1103/Ti60F225_AD2020_HDMI_Display_30FPS/Ti60_Demo.pt.sdc:579] Unable to run 'set_output_delay' constraint due to warnings found
WARNING  : No ports matched 'csi_rxc_i~CLKOUT~218~278'
WARNING  : No ports matched 'csi_rxd0_fifo_empty_i'
WARNING  : [SDC D:/degree2/FPGA/Nocascope_3/Nocascope_2/1103/Ti60F225_AD2020_HDMI_Display_30FPS/Ti60_Demo.pt.sdc:580] set_input_delay: No valid output port found for -reference_pin
WARNING  : [SDC D:/degree2/FPGA/Nocascope_3/Nocascope_2/1103/Ti60F225_AD2020_HDMI_Display_30FPS/Ti60_Demo.pt.sdc:580] Unable to run 'set_input_delay' constraint due to warnings found
WARNING  : No ports matched 'csi_rxc_i~CLKOUT~218~278'
WARNING  : No ports matched 'csi_rxd0_fifo_empty_i'
WARNING  : [SDC D:/degree2/FPGA/Nocascope_3/Nocascope_2/1103/Ti60F225_AD2020_HDMI_Display_30FPS/Ti60_Demo.pt.sdc:581] set_input_delay: No valid output port found for -reference_pin
WARNING  : [SDC D:/degree2/FPGA/Nocascope_3/Nocascope_2/1103/Ti60F225_AD2020_HDMI_Display_30FPS/Ti60_Demo.pt.sdc:581] Unable to run 'set_input_delay' constraint due to warnings found
WARNING  : No ports matched 'csi_rxc_i~CLKOUT~218~278'
WARNING  : [SDC D:/degree2/FPGA/Nocascope_3/Nocascope_2/1103/Ti60F225_AD2020_HDMI_Display_30FPS/Ti60_Demo.pt.sdc:582] set_input_delay: No valid output port found for -reference_pin
WARNING  : [SDC D:/degree2/FPGA/Nocascope_3/Nocascope_2/1103/Ti60F225_AD2020_HDMI_Display_30FPS/Ti60_Demo.pt.sdc:582] Unable to run 'set_input_delay' constraint due to warnings found
WARNING  : No ports matched 'csi_rxc_i~CLKOUT~218~278'
WARNING  : [SDC D:/degree2/FPGA/Nocascope_3/Nocascope_2/1103/Ti60F225_AD2020_HDMI_Display_30FPS/Ti60_Demo.pt.sdc:583] set_input_delay: No valid output port found for -reference_pin
WARNING  : [SDC D:/degree2/FPGA/Nocascope_3/Nocascope_2/1103/Ti60F225_AD2020_HDMI_Display_30FPS/Ti60_Demo.pt.sdc:583] Unable to run 'set_input_delay' constraint due to warnings found
WARNING  : No ports matched 'csi_rxc_i~CLKOUT~218~294'
WARNING  : No ports matched 'csi_rxd1_fifo_rd_o'
WARNING  : [SDC D:/degree2/FPGA/Nocascope_3/Nocascope_2/1103/Ti60F225_AD2020_HDMI_Display_30FPS/Ti60_Demo.pt.sdc:584] set_output_delay: No valid output port found for -reference_pin
WARNING  : [SDC D:/degree2/FPGA/Nocascope_3/Nocascope_2/1103/Ti60F225_AD2020_HDMI_Display_30FPS/Ti60_Demo.pt.sdc:584] Unable to run 'set_output_delay' constraint due to warnings found
WARNING  : No ports matched 'csi_rxc_i~CLKOUT~218~294'
WARNING  : No ports matched 'csi_rxd1_fifo_rd_o'
WARNING  : [SDC D:/degree2/FPGA/Nocascope_3/Nocascope_2/1103/Ti60F225_AD2020_HDMI_Display_30FPS/Ti60_Demo.pt.sdc:585] set_output_delay: No valid output port found for -reference_pin
WARNING  : [SDC D:/degree2/FPGA/Nocascope_3/Nocascope_2/1103/Ti60F225_AD2020_HDMI_Display_30FPS/Ti60_Demo.pt.sdc:585] Unable to run 'set_output_delay' constraint due to warnings found
WARNING  : No ports matched 'csi_rxc_i~CLKOUT~218~294'
WARNING  : [SDC D:/degree2/FPGA/Nocascope_3/Nocascope_2/1103/Ti60F225_AD2020_HDMI_Display_30FPS/Ti60_Demo.pt.sdc:586] set_output_delay: No valid output port found for -reference_pin
WARNING  : [SDC D:/degree2/FPGA/Nocascope_3/Nocascope_2/1103/Ti60F225_AD2020_HDMI_Display_30FPS/Ti60_Demo.pt.sdc:586] Unable to run 'set_output_delay' constraint due to warnings found
WARNING  : No ports matched 'csi_rxc_i~CLKOUT~218~294'
WARNING  : [SDC D:/degree2/FPGA/Nocascope_3/Nocascope_2/1103/Ti60F225_AD2020_HDMI_Display_30FPS/Ti60_Demo.pt.sdc:587] set_output_delay: No valid output port found for -reference_pin
WARNING  : [SDC D:/degree2/FPGA/Nocascope_3/Nocascope_2/1103/Ti60F225_AD2020_HDMI_Display_30FPS/Ti60_Demo.pt.sdc:587] Unable to run 'set_output_delay' constraint due to warnings found
WARNING  : No ports matched 'csi_rxc_i~CLKOUT~218~294'
WARNING  : No ports matched 'csi_rxd1_fifo_empty_i'
WARNING  : [SDC D:/degree2/FPGA/Nocascope_3/Nocascope_2/1103/Ti60F225_AD2020_HDMI_Display_30FPS/Ti60_Demo.pt.sdc:588] set_input_delay: No valid output port found for -reference_pin
WARNING  : [SDC D:/degree2/FPGA/Nocascope_3/Nocascope_2/1103/Ti60F225_AD2020_HDMI_Display_30FPS/Ti60_Demo.pt.sdc:588] Unable to run 'set_input_delay' constraint due to warnings found
WARNING  : No ports matched 'csi_rxc_i~CLKOUT~218~294'
WARNING  : No ports matched 'csi_rxd1_fifo_empty_i'
WARNING  : [SDC D:/degree2/FPGA/Nocascope_3/Nocascope_2/1103/Ti60F225_AD2020_HDMI_Display_30FPS/Ti60_Demo.pt.sdc:589] set_input_delay: No valid output port found for -reference_pin
WARNING  : [SDC D:/degree2/FPGA/Nocascope_3/Nocascope_2/1103/Ti60F225_AD2020_HDMI_Display_30FPS/Ti60_Demo.pt.sdc:589] Unable to run 'set_input_delay' constraint due to warnings found
WARNING  : No ports matched 'csi_rxc_i~CLKOUT~218~294'
WARNING  : No ports matched 'csi_rxd1_hs_i[*]'
WARNING  : [SDC D:/degree2/FPGA/Nocascope_3/Nocascope_2/1103/Ti60F225_AD2020_HDMI_Display_30FPS/Ti60_Demo.pt.sdc:590] set_input_delay: No valid output port found for -reference_pin
WARNING  : [SDC D:/degree2/FPGA/Nocascope_3/Nocascope_2/1103/Ti60F225_AD2020_HDMI_Display_30FPS/Ti60_Demo.pt.sdc:590] Unable to run 'set_input_delay' constraint due to warnings found
WARNING  : No ports matched 'csi_rxc_i~CLKOUT~218~294'
WARNING  : No ports matched 'csi_rxd1_hs_i[*]'
WARNING  : [SDC D:/degree2/FPGA/Nocascope_3/Nocascope_2/1103/Ti60F225_AD2020_HDMI_Display_30FPS/Ti60_Demo.pt.sdc:591] set_input_delay: No valid output port found for -reference_pin
WARNING  : [SDC D:/degree2/FPGA/Nocascope_3/Nocascope_2/1103/Ti60F225_AD2020_HDMI_Display_30FPS/Ti60_Demo.pt.sdc:591] Unable to run 'set_input_delay' constraint due to warnings found
WARNING  : No ports matched 'csi_rxc_i~CLKOUT~218~245'
WARNING  : No ports matched 'csi_rxd2_fifo_rd_o'
WARNING  : [SDC D:/degree2/FPGA/Nocascope_3/Nocascope_2/1103/Ti60F225_AD2020_HDMI_Display_30FPS/Ti60_Demo.pt.sdc:592] set_output_delay: No valid output port found for -reference_pin
WARNING  : [SDC D:/degree2/FPGA/Nocascope_3/Nocascope_2/1103/Ti60F225_AD2020_HDMI_Display_30FPS/Ti60_Demo.pt.sdc:592] Unable to run 'set_output_delay' constraint due to warnings found
WARNING  : No ports matched 'csi_rxc_i~CLKOUT~218~245'
WARNING  : No ports matched 'csi_rxd2_fifo_rd_o'
WARNING  : [SDC D:/degree2/FPGA/Nocascope_3/Nocascope_2/1103/Ti60F225_AD2020_HDMI_Display_30FPS/Ti60_Demo.pt.sdc:593] set_output_delay: No valid output port found for -reference_pin
WARNING  : [SDC D:/degree2/FPGA/Nocascope_3/Nocascope_2/1103/Ti60F225_AD2020_HDMI_Display_30FPS/Ti60_Demo.pt.sdc:593] Unable to run 'set_output_delay' constraint due to warnings found
WARNING  : No ports matched 'csi_rxc_i~CLKOUT~218~245'
WARNING  : [SDC D:/degree2/FPGA/Nocascope_3/Nocascope_2/1103/Ti60F225_AD2020_HDMI_Display_30FPS/Ti60_Demo.pt.sdc:594] set_output_delay: No valid output port found for -reference_pin
WARNING  : [SDC D:/degree2/FPGA/Nocascope_3/Nocascope_2/1103/Ti60F225_AD2020_HDMI_Display_30FPS/Ti60_Demo.pt.sdc:594] Unable to run 'set_output_delay' constraint due to warnings found
WARNING  : No ports matched 'csi_rxc_i~CLKOUT~218~245'
WARNING  : [SDC D:/degree2/FPGA/Nocascope_3/Nocascope_2/1103/Ti60F225_AD2020_HDMI_Display_30FPS/Ti60_Demo.pt.sdc:595] set_output_delay: No valid output port found for -reference_pin
WARNING  : [SDC D:/degree2/FPGA/Nocascope_3/Nocascope_2/1103/Ti60F225_AD2020_HDMI_Display_30FPS/Ti60_Demo.pt.sdc:595] Unable to run 'set_output_delay' constraint due to warnings found
WARNING  : No ports matched 'csi_rxc_i~CLKOUT~218~245'
WARNING  : No ports matched 'csi_rxd2_fifo_empty_i'
WARNING  : [SDC D:/degree2/FPGA/Nocascope_3/Nocascope_2/1103/Ti60F225_AD2020_HDMI_Display_30FPS/Ti60_Demo.pt.sdc:596] set_input_delay: No valid output port found for -reference_pin
WARNING  : [SDC D:/degree2/FPGA/Nocascope_3/Nocascope_2/1103/Ti60F225_AD2020_HDMI_Display_30FPS/Ti60_Demo.pt.sdc:596] Unable to run 'set_input_delay' constraint due to warnings found
WARNING  : No ports matched 'csi_rxc_i~CLKOUT~218~245'
WARNING  : No ports matched 'csi_rxd2_fifo_empty_i'
WARNING  : [SDC D:/degree2/FPGA/Nocascope_3/Nocascope_2/1103/Ti60F225_AD2020_HDMI_Display_30FPS/Ti60_Demo.pt.sdc:597] set_input_delay: No valid output port found for -reference_pin
WARNING  : [SDC D:/degree2/FPGA/Nocascope_3/Nocascope_2/1103/Ti60F225_AD2020_HDMI_Display_30FPS/Ti60_Demo.pt.sdc:597] Unable to run 'set_input_delay' constraint due to warnings found
WARNING  : No ports matched 'csi_rxc_i~CLKOUT~218~245'
WARNING  : No ports matched 'csi_rxd2_hs_i[*]'
WARNING  : [SDC D:/degree2/FPGA/Nocascope_3/Nocascope_2/1103/Ti60F225_AD2020_HDMI_Display_30FPS/Ti60_Demo.pt.sdc:598] set_input_delay: No valid output port found for -reference_pin
WARNING  : [SDC D:/degree2/FPGA/Nocascope_3/Nocascope_2/1103/Ti60F225_AD2020_HDMI_Display_30FPS/Ti60_Demo.pt.sdc:598] Unable to run 'set_input_delay' constraint due to warnings found
WARNING  : No ports matched 'csi_rxc_i~CLKOUT~218~245'
WARNING  : No ports matched 'csi_rxd2_hs_i[*]'
WARNING  : [SDC D:/degree2/FPGA/Nocascope_3/Nocascope_2/1103/Ti60F225_AD2020_HDMI_Display_30FPS/Ti60_Demo.pt.sdc:599] set_input_delay: No valid output port found for -reference_pin
WARNING  : [SDC D:/degree2/FPGA/Nocascope_3/Nocascope_2/1103/Ti60F225_AD2020_HDMI_Display_30FPS/Ti60_Demo.pt.sdc:599] Unable to run 'set_input_delay' constraint due to warnings found
WARNING  : No ports matched 'csi_rxc_i~CLKOUT~218~255'
WARNING  : No ports matched 'csi_rxd3_fifo_rd_o'
WARNING  : [SDC D:/degree2/FPGA/Nocascope_3/Nocascope_2/1103/Ti60F225_AD2020_HDMI_Display_30FPS/Ti60_Demo.pt.sdc:600] set_output_delay: No valid output port found for -reference_pin
WARNING  : [SDC D:/degree2/FPGA/Nocascope_3/Nocascope_2/1103/Ti60F225_AD2020_HDMI_Display_30FPS/Ti60_Demo.pt.sdc:600] Unable to run 'set_output_delay' constraint due to warnings found
WARNING  : No ports matched 'csi_rxc_i~CLKOUT~218~255'
WARNING  : No ports matched 'csi_rxd3_fifo_rd_o'
WARNING  : [SDC D:/degree2/FPGA/Nocascope_3/Nocascope_2/1103/Ti60F225_AD2020_HDMI_Display_30FPS/Ti60_Demo.pt.sdc:601] set_output_delay: No valid output port found for -reference_pin
WARNING  : [SDC D:/degree2/FPGA/Nocascope_3/Nocascope_2/1103/Ti60F225_AD2020_HDMI_Display_30FPS/Ti60_Demo.pt.sdc:601] Unable to run 'set_output_delay' constraint due to warnings found
WARNING  : No ports matched 'csi_rxc_i~CLKOUT~218~255'
WARNING  : [SDC D:/degree2/FPGA/Nocascope_3/Nocascope_2/1103/Ti60F225_AD2020_HDMI_Display_30FPS/Ti60_Demo.pt.sdc:602] set_output_delay: No valid output port found for -reference_pin
WARNING  : [SDC D:/degree2/FPGA/Nocascope_3/Nocascope_2/1103/Ti60F225_AD2020_HDMI_Display_30FPS/Ti60_Demo.pt.sdc:602] Unable to run 'set_output_delay' constraint due to warnings found
WARNING  : No ports matched 'csi_rxc_i~CLKOUT~218~255'
WARNING  : [SDC D:/degree2/FPGA/Nocascope_3/Nocascope_2/1103/Ti60F225_AD2020_HDMI_Display_30FPS/Ti60_Demo.pt.sdc:603] set_output_delay: No valid output port found for -reference_pin
WARNING  : [SDC D:/degree2/FPGA/Nocascope_3/Nocascope_2/1103/Ti60F225_AD2020_HDMI_Display_30FPS/Ti60_Demo.pt.sdc:603] Unable to run 'set_output_delay' constraint due to warnings found
WARNING  : No ports matched 'csi_rxc_i~CLKOUT~218~255'
WARNING  : No ports matched 'csi_rxd3_fifo_empty_i'
WARNING  : [SDC D:/degree2/FPGA/Nocascope_3/Nocascope_2/1103/Ti60F225_AD2020_HDMI_Display_30FPS/Ti60_Demo.pt.sdc:604] set_input_delay: No valid output port found for -reference_pin
WARNING  : [SDC D:/degree2/FPGA/Nocascope_3/Nocascope_2/1103/Ti60F225_AD2020_HDMI_Display_30FPS/Ti60_Demo.pt.sdc:604] Unable to run 'set_input_delay' constraint due to warnings found
WARNING  : No ports matched 'csi_rxc_i~CLKOUT~218~255'
WARNING  : No ports matched 'csi_rxd3_fifo_empty_i'
WARNING  : [SDC D:/degree2/FPGA/Nocascope_3/Nocascope_2/1103/Ti60F225_AD2020_HDMI_Display_30FPS/Ti60_Demo.pt.sdc:605] set_input_delay: No valid output port found for -reference_pin
WARNING  : [SDC D:/degree2/FPGA/Nocascope_3/Nocascope_2/1103/Ti60F225_AD2020_HDMI_Display_30FPS/Ti60_Demo.pt.sdc:605] Unable to run 'set_input_delay' constraint due to warnings found
WARNING  : No ports matched 'csi_rxc_i~CLKOUT~218~255'
WARNING  : No ports matched 'csi_rxd3_hs_i[*]'
WARNING  : [SDC D:/degree2/FPGA/Nocascope_3/Nocascope_2/1103/Ti60F225_AD2020_HDMI_Display_30FPS/Ti60_Demo.pt.sdc:606] set_input_delay: No valid output port found for -reference_pin
WARNING  : [SDC D:/degree2/FPGA/Nocascope_3/Nocascope_2/1103/Ti60F225_AD2020_HDMI_Display_30FPS/Ti60_Demo.pt.sdc:606] Unable to run 'set_input_delay' constraint due to warnings found
WARNING  : No ports matched 'csi_rxc_i~CLKOUT~218~255'
WARNING  : No ports matched 'csi_rxd3_hs_i[*]'
WARNING  : [SDC D:/degree2/FPGA/Nocascope_3/Nocascope_2/1103/Ti60F225_AD2020_HDMI_Display_30FPS/Ti60_Demo.pt.sdc:607] set_input_delay: No valid output port found for -reference_pin
WARNING  : [SDC D:/degree2/FPGA/Nocascope_3/Nocascope_2/1103/Ti60F225_AD2020_HDMI_Display_30FPS/Ti60_Demo.pt.sdc:607] Unable to run 'set_input_delay' constraint due to warnings found
INFO     : SDC file 'D:/degree2/FPGA/Nocascope_3/Nocascope_2/1103/Ti60F225_AD2020_HDMI_Display_30FPS/Ti60_Demo.pt.sdc' parsed successfully.
INFO     : 15 clocks (including virtual clocks), 36 inputs and 232 outputs were constrained.
INFO     : Reading core interface constraints file "D:/degree2/FPGA/Nocascope_3/Nocascope_2/1103/Ti60F225_AD2020_HDMI_Display_30FPS/outflow/Ti60_Demo.interface.csv"
INFO     : Successfully read core interface constraints file "D:/degree2/FPGA/Nocascope_3/Nocascope_2/1103/Ti60F225_AD2020_HDMI_Display_30FPS/outflow/Ti60_Demo.interface.csv"
INFO     : Writing IO placement constraints to "D:/degree2/FPGA/Nocascope_3/Nocascope_2/1103/Ti60F225_AD2020_HDMI_Display_30FPS/outflow\Ti60_Demo.interface.io"
INFO     : Reading placement constraints from 'D:/degree2/FPGA/Nocascope_3/Nocascope_2/1103/Ti60F225_AD2020_HDMI_Display_30FPS/outflow\Ti60_Demo.interface.io'.
INFO     : Reading placement constraints from 'D:/degree2/FPGA/Nocascope_3/Nocascope_2/1103/Ti60F225_AD2020_HDMI_Display_30FPS/work_pnr\Ti60_Demo.io_place'.
INFO     : Reading core interface constraints file "D:/degree2/FPGA/Nocascope_3/Nocascope_2/1103/Ti60F225_AD2020_HDMI_Display_30FPS/outflow/Ti60_Demo.interface.csv"
INFO     : Successfully read core interface constraints file "D:/degree2/FPGA/Nocascope_3/Nocascope_2/1103/Ti60F225_AD2020_HDMI_Display_30FPS/outflow/Ti60_Demo.interface.csv"
INFO     : Found 264 synchronizers as follows: 
INFO     : 	Synchronizer 0: 
INFO     :  u_axi4_ctrl/Gen_RFIFO_32.u_R0_FIFO_32/u_efx_fifo_top/xefx_fifo_ctl/async_clk.wr2rd_addr_sync/async_reg[0][7]~FF
INFO     :  u_axi4_ctrl/Gen_RFIFO_32.u_R0_FIFO_32/u_efx_fifo_top/xefx_fifo_ctl/async_clk.wr2rd_addr_sync/async_reg[1][7]~FF
INFO     :  u_axi4_ctrl/Gen_RFIFO_32.u_R0_FIFO_32/u_efx_fifo_top/xefx_fifo_ctl/async_clk.waddr_cntr_gry_sync[7]~FF
INFO     : 	Synchronizer 1: 
INFO     :  u_axi4_ctrl/Gen_RFIFO_32.u_R0_FIFO_32/u_efx_fifo_top/xefx_fifo_ctl/async_clk.wr2rd_addr_sync/async_reg[0][1]~FF
INFO     :  u_axi4_ctrl/Gen_RFIFO_32.u_R0_FIFO_32/u_efx_fifo_top/xefx_fifo_ctl/async_clk.wr2rd_addr_sync/async_reg[1][1]~FF
INFO     :  u_axi4_ctrl/Gen_RFIFO_32.u_R0_FIFO_32/u_efx_fifo_top/xefx_fifo_ctl/async_clk.waddr_cntr_gry_sync[1]~FF
INFO     : 	Synchronizer 2: 
INFO     :  u_axi4_ctrl/Gen_RFIFO_32.u_R0_FIFO_32/u_efx_fifo_top/xefx_fifo_ctl/async_clk.wr2rd_addr_sync/async_reg[0][2]~FF
INFO     :  u_axi4_ctrl/Gen_RFIFO_32.u_R0_FIFO_32/u_efx_fifo_top/xefx_fifo_ctl/async_clk.wr2rd_addr_sync/async_reg[1][2]~FF
INFO     :  u_axi4_ctrl/Gen_RFIFO_32.u_R0_FIFO_32/u_efx_fifo_top/xefx_fifo_ctl/async_clk.waddr_cntr_gry_sync[2]~FF
INFO     : 	Synchronizer 3: 
INFO     :  u_axi4_ctrl/Gen_RFIFO_32.u_R0_FIFO_32/u_efx_fifo_top/xefx_fifo_ctl/async_clk.wr2rd_addr_sync/async_reg[0][9]~FF
INFO     :  u_axi4_ctrl/Gen_RFIFO_32.u_R0_FIFO_32/u_efx_fifo_top/xefx_fifo_ctl/async_clk.wr2rd_addr_sync/async_reg[1][9]~FF
INFO     :  u_axi4_ctrl/Gen_RFIFO_32.u_R0_FIFO_32/u_efx_fifo_top/xefx_fifo_ctl/async_clk.waddr_cntr_gry_sync[9]~FF
INFO     : 	Synchronizer 4: 
INFO     :  u_axi4_ctrl/Gen_RFIFO_32.u_R0_FIFO_32/u_efx_fifo_top/xefx_fifo_ctl/async_clk.wr2rd_addr_sync/async_reg[0][8]~FF
INFO     :  u_axi4_ctrl/Gen_RFIFO_32.u_R0_FIFO_32/u_efx_fifo_top/xefx_fifo_ctl/async_clk.wr2rd_addr_sync/async_reg[1][8]~FF
INFO     :  u_axi4_ctrl/Gen_RFIFO_32.u_R0_FIFO_32/u_efx_fifo_top/xefx_fifo_ctl/async_clk.waddr_cntr_gry_sync[8]~FF
INFO     : 	Synchronizer 5: 
INFO     :  u_axi4_ctrl/Gen_RFIFO_32.u_R0_FIFO_32/u_efx_fifo_top/xefx_fifo_ctl/async_clk.wr2rd_addr_sync/async_reg[0][3]~FF
INFO     :  u_axi4_ctrl/Gen_RFIFO_32.u_R0_FIFO_32/u_efx_fifo_top/xefx_fifo_ctl/async_clk.wr2rd_addr_sync/async_reg[1][3]~FF
INFO     :  u_axi4_ctrl/Gen_RFIFO_32.u_R0_FIFO_32/u_efx_fifo_top/xefx_fifo_ctl/async_clk.waddr_cntr_gry_sync[3]~FF
INFO     : 	Synchronizer 6: 
INFO     :  u_axi4_ctrl/Gen_RFIFO_32.u_R0_FIFO_32/u_efx_fifo_top/xefx_fifo_ctl/async_clk.wr2rd_addr_sync/async_reg[0][0]~FF
INFO     :  u_axi4_ctrl/Gen_RFIFO_32.u_R0_FIFO_32/u_efx_fifo_top/xefx_fifo_ctl/async_clk.wr2rd_addr_sync/async_reg[1][0]~FF
INFO     :  u_axi4_ctrl/Gen_RFIFO_32.u_R0_FIFO_32/u_efx_fifo_top/xefx_fifo_ctl/async_clk.waddr_cntr_gry_sync[0]~FF
INFO     : 	Synchronizer 7: 
INFO     :  ddr3_ctl_axi/u_efx_ddr3_soft_controller/genblk1.inst_ddr3_axi/inst_efx_ddr3/top_mc/controller_main/bram_u1/u_efx_fifo_top/xefx_fifo_ctl/async_clk.wr2rd_addr_sync/async_reg[0][2]~FF
INFO     :  ddr3_ctl_axi/u_efx_ddr3_soft_controller/genblk1.inst_ddr3_axi/inst_efx_ddr3/top_mc/controller_main/bram_u1/u_efx_fifo_top/xefx_fifo_ctl/async_clk.waddr_cntr_gry_sync[2]~FF
INFO     : 	Synchronizer 8: 
INFO     :  ddr3_ctl_axi/u_efx_ddr3_soft_controller/genblk1.inst_ddr3_axi/inst_efx_ddr3/top_mc/controller_main/bram_u1/u_efx_fifo_top/xefx_fifo_ctl/async_clk.wr2rd_addr_sync/async_reg[0][4]~FF
INFO     :  ddr3_ctl_axi/u_efx_ddr3_soft_controller/genblk1.inst_ddr3_axi/inst_efx_ddr3/top_mc/controller_main/bram_u1/u_efx_fifo_top/xefx_fifo_ctl/async_clk.waddr_cntr_gry_sync[4]~FF
INFO     : 	Synchronizer 9: 
INFO     :  ddr3_ctl_axi/u_efx_ddr3_soft_controller/genblk1.inst_ddr3_axi/inst_efx_ddr3/top_mc/fifo_rd/xefx_fifo_ctl/async_clk.wr2rd_addr_sync/async_reg[0][3]~FF
INFO     :  ddr3_ctl_axi/u_efx_ddr3_soft_controller/genblk1.inst_ddr3_axi/inst_efx_ddr3/top_mc/fifo_rd/xefx_fifo_ctl/async_clk.waddr_cntr_gry_sync[3]~FF
INFO     : 	Synchronizer 10: 
INFO     :  ddr3_ctl_axi/u_efx_ddr3_soft_controller/genblk1.inst_ddr3_axi/inst_efx_ddr3/top_mc/controller_main/bram_u1/u_efx_fifo_top/xefx_fifo_ctl/async_clk.wr2rd_addr_sync/async_reg[0][5]~FF
INFO     :  ddr3_ctl_axi/u_efx_ddr3_soft_controller/genblk1.inst_ddr3_axi/inst_efx_ddr3/top_mc/controller_main/bram_u1/u_efx_fifo_top/xefx_fifo_ctl/async_clk.waddr_cntr_gry_sync[5]~FF
INFO     : 	Synchronizer 11: 
INFO     :  ddr3_ctl_axi/u_efx_ddr3_soft_controller/genblk1.inst_ddr3_axi/inst_efx_ddr3/top_mc/fifo_rd/xefx_fifo_ctl/async_clk.wr2rd_addr_sync/async_reg[0][4]~FF
INFO     :  ddr3_ctl_axi/u_efx_ddr3_soft_controller/genblk1.inst_ddr3_axi/inst_efx_ddr3/top_mc/fifo_rd/xefx_fifo_ctl/async_clk.waddr_cntr_gry_sync[4]~FF
INFO     : 	Synchronizer 12: 
INFO     :  ddr3_ctl_axi/u_efx_ddr3_soft_controller/genblk1.inst_ddr3_axi/inst_efx_ddr3/top_mc/controller_main/bram_u1/u_efx_fifo_top/xefx_fifo_ctl/async_clk.xrd2wr_addr_sync/async_reg[0][6]~FF
INFO     :  ddr3_ctl_axi/u_efx_ddr3_soft_controller/genblk1.inst_ddr3_axi/inst_efx_ddr3/top_mc/controller_main/bram_u1/u_efx_fifo_top/xefx_fifo_ctl/async_clk.raddr_cntr_gry_sync[6]~FF
INFO     : 	Synchronizer 13: 
INFO     :  ddr3_ctl_axi/u_efx_ddr3_soft_controller/genblk1.inst_ddr3_axi/inst_efx_ddr3/top_mc/fifo_rd/xefx_fifo_ctl/async_clk.wr2rd_addr_sync/async_reg[0][5]~FF
INFO     :  ddr3_ctl_axi/u_efx_ddr3_soft_controller/genblk1.inst_ddr3_axi/inst_efx_ddr3/top_mc/fifo_rd/xefx_fifo_ctl/async_clk.waddr_cntr_gry_sync[5]~FF
INFO     : 	Synchronizer 14: 
INFO     :  ddr3_ctl_axi/u_efx_ddr3_soft_controller/genblk1.inst_ddr3_axi/inst_efx_ddr3/top_mc/controller_main/bram_u1/u_efx_fifo_top/xefx_fifo_ctl/async_clk.xrd2wr_addr_sync/async_reg[0][1]~FF
INFO     :  ddr3_ctl_axi/u_efx_ddr3_soft_controller/genblk1.inst_ddr3_axi/inst_efx_ddr3/top_mc/controller_main/bram_u1/u_efx_fifo_top/xefx_fifo_ctl/async_clk.raddr_cntr_gry_sync[1]~FF
INFO     : 	Synchronizer 15: 
INFO     :  ddr3_ctl_axi/u_efx_ddr3_soft_controller/genblk1.inst_ddr3_axi/inst_efx_ddr3/top_mc/fifo_rd/xefx_fifo_ctl/async_clk.xrd2wr_addr_sync/async_reg[0][6]~FF
INFO     :  ddr3_ctl_axi/u_efx_ddr3_soft_controller/genblk1.inst_ddr3_axi/inst_efx_ddr3/top_mc/fifo_rd/xefx_fifo_ctl/async_clk.raddr_cntr_gry_sync[6]~FF
INFO     : 	Synchronizer 16: 
INFO     :  ddr3_ctl_axi/u_efx_ddr3_soft_controller/genblk1.inst_ddr3_axi/inst_efx_ddr3/top_mc/fifo_rd/xefx_fifo_ctl/async_clk.xrd2wr_addr_sync/async_reg[0][1]~FF
INFO     :  ddr3_ctl_axi/u_efx_ddr3_soft_controller/genblk1.inst_ddr3_axi/inst_efx_ddr3/top_mc/fifo_rd/xefx_fifo_ctl/async_clk.raddr_cntr_gry_sync[1]~FF
INFO     : 	Synchronizer 17: 
INFO     :  u_i2c_timing_ctrl_16bit/u_afifo_w24d16_r24d16/u_efx_fifo_top/xefx_fifo_ctl/async_clk.wr2rd_addr_sync/async_reg[0][1]~FF
INFO     :  u_i2c_timing_ctrl_16bit/u_afifo_w24d16_r24d16/u_efx_fifo_top/xefx_fifo_ctl/async_clk.waddr_cntr_gry_sync[1]~FF
INFO     : 	Synchronizer 18: 
INFO     :  ddr3_ctl_axi/u_efx_ddr3_soft_controller/genblk1.inst_ddr3_axi/inst_efx_ddr3/top_mc/fifo_ar/popToPushGray_buffercc/buffers_0[6]~FF
INFO     :  ddr3_ctl_axi/u_efx_ddr3_soft_controller/genblk1.inst_ddr3_axi/inst_efx_ddr3/top_mc/fifo_ar/popToPushGray_buffercc_io_dataOut[6]~FF
INFO     : 	Synchronizer 19: 
INFO     :  mipi_rx_0/u_efx_csi2_rx/csi2_rx_top_inst/genblk3.byte2pixel_inst/u1_inst/xefx_fifo_ctl/async_clk.wr2rd_addr_sync/async_reg[0][6]~FF
INFO     :  mipi_rx_0/u_efx_csi2_rx/csi2_rx_top_inst/genblk3.byte2pixel_inst/u1_inst/xefx_fifo_ctl/async_clk.waddr_cntr_gry_sync[6]~FF
INFO     : 	Synchronizer 20: 
INFO     :  ddr3_ctl_axi/u_efx_ddr3_soft_controller/genblk1.inst_ddr3_axi/inst_efx_ddr3/top_mc/controller_main/bram_u2/u_efx_fifo_top/xefx_fifo_ctl/async_clk.xrd2wr_addr_sync/async_reg[0][4]~FF
INFO     :  ddr3_ctl_axi/u_efx_ddr3_soft_controller/genblk1.inst_ddr3_axi/inst_efx_ddr3/top_mc/controller_main/bram_u2/u_efx_fifo_top/xefx_fifo_ctl/async_clk.raddr_cntr_gry_sync[4]~FF
INFO     : 	Synchronizer 21: 
INFO     :  ddr3_ctl_axi/u_efx_ddr3_soft_controller/genblk1.inst_ddr3_axi/inst_efx_ddr3/top_mc/ac_fifo/pushToPopGray_buffercc/buffers_0[2]~FF
INFO     :  ddr3_ctl_axi/u_efx_ddr3_soft_controller/genblk1.inst_ddr3_axi/inst_efx_ddr3/top_mc/ac_fifo/pushToPopGray_buffercc_io_dataOut[2]~FF
INFO     : 	Synchronizer 22: 
INFO     :  ddr3_ctl_axi/u_efx_ddr3_soft_controller/genblk1.inst_ddr3_axi/inst_efx_ddr3/top_mc/ac_fifo/pushToPopGray_buffercc/buffers_0[1]~FF
INFO     :  ddr3_ctl_axi/u_efx_ddr3_soft_controller/genblk1.inst_ddr3_axi/inst_efx_ddr3/top_mc/ac_fifo/pushToPopGray_buffercc_io_dataOut[1]~FF
INFO     : 	Synchronizer 23: 
INFO     :  ddr3_ctl_axi/u_efx_ddr3_soft_controller/genblk1.inst_ddr3_axi/inst_efx_ddr3/top_mc/ac_fifo/pushToPopGray_buffercc/buffers_0[0]~FF
INFO     :  ddr3_ctl_axi/u_efx_ddr3_soft_controller/genblk1.inst_ddr3_axi/inst_efx_ddr3/top_mc/ac_fifo/pushToPopGray_buffercc_io_dataOut[0]~FF
INFO     : 	Synchronizer 24: 
INFO     :  u_axi4_ctrl/Gen_RFIFO_32.u_R0_FIFO_32/u_efx_fifo_top/xefx_fifo_ctl/async_clk.xrd2wr_addr_sync/async_reg[0][2]~FF
INFO     :  u_axi4_ctrl/Gen_RFIFO_32.u_R0_FIFO_32/u_efx_fifo_top/xefx_fifo_ctl/async_clk.xrd2wr_addr_sync/async_reg[1][2]~FF
INFO     :  u_axi4_ctrl/Gen_RFIFO_32.u_R0_FIFO_32/u_efx_fifo_top/xefx_fifo_ctl/async_clk.raddr_cntr_gry_sync[2]~FF
INFO     : 	Synchronizer 25: 
INFO     :  ddr3_ctl_axi/u_efx_ddr3_soft_controller/genblk1.inst_ddr3_axi/inst_efx_ddr3/top_mc/ac_fifo/popToPushGray_buffercc/buffers_0[6]~FF
INFO     :  ddr3_ctl_axi/u_efx_ddr3_soft_controller/genblk1.inst_ddr3_axi/inst_efx_ddr3/top_mc/ac_fifo/popToPushGray_buffercc_io_dataOut[6]~FF
INFO     : 	Synchronizer 26: 
INFO     :  ddr3_ctl_axi/u_efx_ddr3_soft_controller/genblk1.inst_ddr3_axi/inst_efx_ddr3/top_mc/ac_fifo/popToPushGray_buffercc/buffers_0[5]~FF
INFO     :  ddr3_ctl_axi/u_efx_ddr3_soft_controller/genblk1.inst_ddr3_axi/inst_efx_ddr3/top_mc/ac_fifo/popToPushGray_buffercc_io_dataOut[5]~FF
INFO     : 	Synchronizer 27: 
INFO     :  u_axi4_ctrl/Gen_RFIFO_32.u_R0_FIFO_32/u_efx_fifo_top/xefx_fifo_ctl/async_clk.xrd2wr_addr_sync/async_reg[0][11]~FF
INFO     :  u_axi4_ctrl/Gen_RFIFO_32.u_R0_FIFO_32/u_efx_fifo_top/xefx_fifo_ctl/async_clk.xrd2wr_addr_sync/async_reg[1][11]~FF
INFO     :  u_axi4_ctrl/Gen_RFIFO_32.u_R0_FIFO_32/u_efx_fifo_top/xefx_fifo_ctl/async_clk.raddr_cntr_gry_sync[11]~FF
INFO     : 	Synchronizer 28: 
INFO     :  ddr3_ctl_axi/u_efx_ddr3_soft_controller/genblk1.inst_ddr3_axi/inst_efx_ddr3/top_mc/ac_fifo/popToPushGray_buffercc/buffers_0[4]~FF
INFO     :  ddr3_ctl_axi/u_efx_ddr3_soft_controller/genblk1.inst_ddr3_axi/inst_efx_ddr3/top_mc/ac_fifo/popToPushGray_buffercc_io_dataOut[4]~FF
INFO     : 	Synchronizer 29: 
INFO     :  u_axi4_ctrl/Gen_RFIFO_32.u_R0_FIFO_32/u_efx_fifo_top/xefx_fifo_ctl/async_clk.xrd2wr_addr_sync/async_reg[0][10]~FF
INFO     :  u_axi4_ctrl/Gen_RFIFO_32.u_R0_FIFO_32/u_efx_fifo_top/xefx_fifo_ctl/async_clk.xrd2wr_addr_sync/async_reg[1][10]~FF
INFO     :  u_axi4_ctrl/Gen_RFIFO_32.u_R0_FIFO_32/u_efx_fifo_top/xefx_fifo_ctl/async_clk.raddr_cntr_gry_sync[10]~FF
INFO     : 	Synchronizer 30: 
INFO     :  ddr3_ctl_axi/u_efx_ddr3_soft_controller/genblk1.inst_ddr3_axi/inst_efx_ddr3/top_mc/ac_fifo/popToPushGray_buffercc/buffers_0[3]~FF
INFO     :  ddr3_ctl_axi/u_efx_ddr3_soft_controller/genblk1.inst_ddr3_axi/inst_efx_ddr3/top_mc/ac_fifo/popToPushGray_buffercc_io_dataOut[3]~FF
INFO     : 	Synchronizer 31: 
INFO     :  u_axi4_ctrl/Gen_RFIFO_32.u_R0_FIFO_32/u_efx_fifo_top/xefx_fifo_ctl/async_clk.xrd2wr_addr_sync/async_reg[0][9]~FF
INFO     :  u_axi4_ctrl/Gen_RFIFO_32.u_R0_FIFO_32/u_efx_fifo_top/xefx_fifo_ctl/async_clk.xrd2wr_addr_sync/async_reg[1][9]~FF
INFO     :  u_axi4_ctrl/Gen_RFIFO_32.u_R0_FIFO_32/u_efx_fifo_top/xefx_fifo_ctl/async_clk.raddr_cntr_gry_sync[9]~FF
INFO     : 	Synchronizer 32: 
INFO     :  ddr3_ctl_axi/u_efx_ddr3_soft_controller/genblk1.inst_ddr3_axi/inst_efx_ddr3/top_mc/ac_fifo/popToPushGray_buffercc/buffers_0[2]~FF
INFO     :  ddr3_ctl_axi/u_efx_ddr3_soft_controller/genblk1.inst_ddr3_axi/inst_efx_ddr3/top_mc/ac_fifo/popToPushGray_buffercc_io_dataOut[2]~FF
INFO     : 	Synchronizer 33: 
INFO     :  u_axi4_ctrl/Gen_RFIFO_32.u_R0_FIFO_32/u_efx_fifo_top/xefx_fifo_ctl/async_clk.xrd2wr_addr_sync/async_reg[0][8]~FF
INFO     :  u_axi4_ctrl/Gen_RFIFO_32.u_R0_FIFO_32/u_efx_fifo_top/xefx_fifo_ctl/async_clk.xrd2wr_addr_sync/async_reg[1][8]~FF
INFO     :  u_axi4_ctrl/Gen_RFIFO_32.u_R0_FIFO_32/u_efx_fifo_top/xefx_fifo_ctl/async_clk.raddr_cntr_gry_sync[8]~FF
INFO     : 	Synchronizer 34: 
INFO     :  ddr3_ctl_axi/u_efx_ddr3_soft_controller/genblk1.inst_ddr3_axi/inst_efx_ddr3/top_mc/ac_fifo/popToPushGray_buffercc/buffers_0[1]~FF
INFO     :  ddr3_ctl_axi/u_efx_ddr3_soft_controller/genblk1.inst_ddr3_axi/inst_efx_ddr3/top_mc/ac_fifo/popToPushGray_buffercc_io_dataOut[1]~FF
INFO     : 	Synchronizer 35: 
INFO     :  u_axi4_ctrl/Gen_RFIFO_32.u_R0_FIFO_32/u_efx_fifo_top/xefx_fifo_ctl/async_clk.xrd2wr_addr_sync/async_reg[0][3]~FF
INFO     :  u_axi4_ctrl/Gen_RFIFO_32.u_R0_FIFO_32/u_efx_fifo_top/xefx_fifo_ctl/async_clk.xrd2wr_addr_sync/async_reg[1][3]~FF
INFO     :  u_axi4_ctrl/Gen_RFIFO_32.u_R0_FIFO_32/u_efx_fifo_top/xefx_fifo_ctl/async_clk.raddr_cntr_gry_sync[3]~FF
INFO     : 	Synchronizer 36: 
INFO     :  u_axi4_ctrl/Gen_RFIFO_32.u_R0_FIFO_32/u_efx_fifo_top/xefx_fifo_ctl/async_clk.xrd2wr_addr_sync/async_reg[0][4]~FF
INFO     :  u_axi4_ctrl/Gen_RFIFO_32.u_R0_FIFO_32/u_efx_fifo_top/xefx_fifo_ctl/async_clk.xrd2wr_addr_sync/async_reg[1][4]~FF
INFO     :  u_axi4_ctrl/Gen_RFIFO_32.u_R0_FIFO_32/u_efx_fifo_top/xefx_fifo_ctl/async_clk.raddr_cntr_gry_sync[4]~FF
INFO     : 	Synchronizer 37: 
INFO     :  u_axi4_ctrl/Gen_RFIFO_32.u_R0_FIFO_32/u_efx_fifo_top/xefx_fifo_ctl/async_clk.xrd2wr_addr_sync/async_reg[0][5]~FF
INFO     :  u_axi4_ctrl/Gen_RFIFO_32.u_R0_FIFO_32/u_efx_fifo_top/xefx_fifo_ctl/async_clk.xrd2wr_addr_sync/async_reg[1][5]~FF
INFO     :  u_axi4_ctrl/Gen_RFIFO_32.u_R0_FIFO_32/u_efx_fifo_top/xefx_fifo_ctl/async_clk.raddr_cntr_gry_sync[5]~FF
INFO     : 	Synchronizer 38: 
INFO     :  ddr3_ctl_axi/u_efx_ddr3_soft_controller/genblk1.inst_ddr3_axi/inst_efx_ddr3/top_mc/ac_fifo/popToPushGray_buffercc/buffers_0[0]~FF
INFO     :  ddr3_ctl_axi/u_efx_ddr3_soft_controller/genblk1.inst_ddr3_axi/inst_efx_ddr3/top_mc/ac_fifo/popToPushGray_buffercc_io_dataOut[0]~FF
INFO     : 	Synchronizer 39: 
INFO     :  u_axi4_ctrl/Gen_RFIFO_32.u_R0_FIFO_32/u_efx_fifo_top/xefx_fifo_ctl/async_clk.xrd2wr_addr_sync/async_reg[0][6]~FF
INFO     :  u_axi4_ctrl/Gen_RFIFO_32.u_R0_FIFO_32/u_efx_fifo_top/xefx_fifo_ctl/async_clk.xrd2wr_addr_sync/async_reg[1][6]~FF
INFO     :  u_axi4_ctrl/Gen_RFIFO_32.u_R0_FIFO_32/u_efx_fifo_top/xefx_fifo_ctl/async_clk.raddr_cntr_gry_sync[6]~FF
INFO     : 	Synchronizer 40: 
INFO     :  ddr3_ctl_axi/u_efx_ddr3_soft_controller/genblk1.inst_ddr3_axi/inst_efx_ddr3/top_mc/fifo_ar/pushToPopGray_buffercc/buffers_0[5]~FF
INFO     :  ddr3_ctl_axi/u_efx_ddr3_soft_controller/genblk1.inst_ddr3_axi/inst_efx_ddr3/top_mc/fifo_ar/pushToPopGray_buffercc_io_dataOut[5]~FF
INFO     : 	Synchronizer 41: 
INFO     :  ddr3_ctl_axi/u_efx_ddr3_soft_controller/genblk1.inst_ddr3_axi/inst_efx_ddr3/top_mc/fifo_ack/pushToPopGray_buffercc/buffers_0[4]~FF
INFO     :  ddr3_ctl_axi/u_efx_ddr3_soft_controller/genblk1.inst_ddr3_axi/inst_efx_ddr3/top_mc/fifo_ack/pushToPopGray_buffercc_io_dataOut[4]~FF
INFO     : 	Synchronizer 42: 
INFO     :  ddr3_ctl_axi/u_efx_ddr3_soft_controller/genblk1.inst_ddr3_axi/inst_efx_ddr3/top_mc/fifo_ar/pushToPopGray_buffercc/buffers_0[4]~FF
INFO     :  ddr3_ctl_axi/u_efx_ddr3_soft_controller/genblk1.inst_ddr3_axi/inst_efx_ddr3/top_mc/fifo_ar/pushToPopGray_buffercc_io_dataOut[4]~FF
INFO     : 	Synchronizer 43: 
INFO     :  ddr3_ctl_axi/u_efx_ddr3_soft_controller/genblk1.inst_ddr3_axi/inst_efx_ddr3/top_mc/fifo_ack/pushToPopGray_buffercc/buffers_0[3]~FF
INFO     :  ddr3_ctl_axi/u_efx_ddr3_soft_controller/genblk1.inst_ddr3_axi/inst_efx_ddr3/top_mc/fifo_ack/pushToPopGray_buffercc_io_dataOut[3]~FF
INFO     : 	Synchronizer 44: 
INFO     :  ddr3_ctl_axi/u_efx_ddr3_soft_controller/genblk1.inst_ddr3_axi/inst_efx_ddr3/top_mc/fifo_ar/pushToPopGray_buffercc/buffers_0[3]~FF
INFO     :  ddr3_ctl_axi/u_efx_ddr3_soft_controller/genblk1.inst_ddr3_axi/inst_efx_ddr3/top_mc/fifo_ar/pushToPopGray_buffercc_io_dataOut[3]~FF
INFO     : 	Synchronizer 45: 
INFO     :  ddr3_ctl_axi/u_efx_ddr3_soft_controller/genblk1.inst_ddr3_axi/inst_efx_ddr3/top_mc/fifo_ack/pushToPopGray_buffercc/buffers_0[2]~FF
INFO     :  ddr3_ctl_axi/u_efx_ddr3_soft_controller/genblk1.inst_ddr3_axi/inst_efx_ddr3/top_mc/fifo_ack/pushToPopGray_buffercc_io_dataOut[2]~FF
INFO     : 	Synchronizer 46: 
INFO     :  ddr3_ctl_axi/u_efx_ddr3_soft_controller/genblk1.inst_ddr3_axi/inst_efx_ddr3/top_mc/fifo_ar/pushToPopGray_buffercc/buffers_0[2]~FF
INFO     :  ddr3_ctl_axi/u_efx_ddr3_soft_controller/genblk1.inst_ddr3_axi/inst_efx_ddr3/top_mc/fifo_ar/pushToPopGray_buffercc_io_dataOut[2]~FF
INFO     : 	Synchronizer 47: 
INFO     :  ddr3_ctl_axi/u_efx_ddr3_soft_controller/genblk1.inst_ddr3_axi/inst_efx_ddr3/top_mc/fifo_ack/pushToPopGray_buffercc/buffers_0[1]~FF
INFO     :  ddr3_ctl_axi/u_efx_ddr3_soft_controller/genblk1.inst_ddr3_axi/inst_efx_ddr3/top_mc/fifo_ack/pushToPopGray_buffercc_io_dataOut[1]~FF
INFO     : 	Synchronizer 48: 
INFO     :  ddr3_ctl_axi/u_efx_ddr3_soft_controller/genblk1.inst_ddr3_axi/inst_efx_ddr3/top_mc/fifo_ar/pushToPopGray_buffercc/buffers_0[1]~FF
INFO     :  ddr3_ctl_axi/u_efx_ddr3_soft_controller/genblk1.inst_ddr3_axi/inst_efx_ddr3/top_mc/fifo_ar/pushToPopGray_buffercc_io_dataOut[1]~FF
INFO     : 	Synchronizer 49: 
INFO     :  ddr3_ctl_axi/u_efx_ddr3_soft_controller/genblk1.inst_ddr3_axi/inst_efx_ddr3/top_mc/controller_main/bram_u2/u_efx_fifo_top/xefx_fifo_ctl/async_clk.wr2rd_addr_sync/async_reg[0][3]~FF
INFO     :  ddr3_ctl_axi/u_efx_ddr3_soft_controller/genblk1.inst_ddr3_axi/inst_efx_ddr3/top_mc/controller_main/bram_u2/u_efx_fifo_top/xefx_fifo_ctl/async_clk.waddr_cntr_gry_sync[3]~FF
INFO     : 	Synchronizer 50: 
INFO     :  ddr3_ctl_axi/u_efx_ddr3_soft_controller/genblk1.inst_ddr3_axi/inst_efx_ddr3/top_mc/fifo_ack/pushToPopGray_buffercc/buffers_0[0]~FF
INFO     :  ddr3_ctl_axi/u_efx_ddr3_soft_controller/genblk1.inst_ddr3_axi/inst_efx_ddr3/top_mc/fifo_ack/pushToPopGray_buffercc_io_dataOut[0]~FF
INFO     : 	Synchronizer 51: 
INFO     :  ddr3_ctl_axi/u_efx_ddr3_soft_controller/genblk1.inst_ddr3_axi/inst_efx_ddr3/top_mc/controller_main/bram_u2/u_efx_fifo_top/xefx_fifo_ctl/async_clk.wr2rd_addr_sync/async_reg[0][4]~FF
INFO     :  ddr3_ctl_axi/u_efx_ddr3_soft_controller/genblk1.inst_ddr3_axi/inst_efx_ddr3/top_mc/controller_main/bram_u2/u_efx_fifo_top/xefx_fifo_ctl/async_clk.waddr_cntr_gry_sync[4]~FF
INFO     : 	Synchronizer 52: 
INFO     :  ddr3_ctl_axi/u_efx_ddr3_soft_controller/genblk1.inst_ddr3_axi/inst_efx_ddr3/top_mc/fifo_ar/pushToPopGray_buffercc/buffers_0[0]~FF
INFO     :  ddr3_ctl_axi/u_efx_ddr3_soft_controller/genblk1.inst_ddr3_axi/inst_efx_ddr3/top_mc/fifo_ar/pushToPopGray_buffercc_io_dataOut[0]~FF
INFO     : 	Synchronizer 53: 
INFO     :  ddr3_ctl_axi/u_efx_ddr3_soft_controller/genblk1.inst_ddr3_axi/inst_efx_ddr3/top_mc/controller_main/bram_u1/u_efx_fifo_top/xefx_fifo_ctl/async_clk.wr2rd_addr_sync/async_reg[0][6]~FF
INFO     :  ddr3_ctl_axi/u_efx_ddr3_soft_controller/genblk1.inst_ddr3_axi/inst_efx_ddr3/top_mc/controller_main/bram_u1/u_efx_fifo_top/xefx_fifo_ctl/async_clk.waddr_cntr_gry_sync[6]~FF
INFO     : 	Synchronizer 54: 
INFO     :  u_axi4_ctrl/Gen_FIFO_W32.u_W0_FIFO_32/u_efx_fifo_top/xefx_fifo_ctl/async_clk.wr2rd_addr_sync/async_reg[0][2]~FF
INFO     :  u_axi4_ctrl/Gen_FIFO_W32.u_W0_FIFO_32/u_efx_fifo_top/xefx_fifo_ctl/async_clk.wr2rd_addr_sync/async_reg[1][2]~FF
INFO     :  u_axi4_ctrl/Gen_FIFO_W32.u_W0_FIFO_32/u_efx_fifo_top/xefx_fifo_ctl/async_clk.waddr_cntr_gry_sync[2]~FF
INFO     : 	Synchronizer 55: 
INFO     :  ddr3_ctl_axi/u_efx_ddr3_soft_controller/genblk1.inst_ddr3_axi/inst_efx_ddr3/top_mc/controller_main/bram_u2/u_efx_fifo_top/xefx_fifo_ctl/async_clk.wr2rd_addr_sync/async_reg[0][5]~FF
INFO     :  ddr3_ctl_axi/u_efx_ddr3_soft_controller/genblk1.inst_ddr3_axi/inst_efx_ddr3/top_mc/controller_main/bram_u2/u_efx_fifo_top/xefx_fifo_ctl/async_clk.waddr_cntr_gry_sync[5]~FF
INFO     : 	Synchronizer 56: 
INFO     :  ddr3_ctl_axi/u_efx_ddr3_soft_controller/genblk1.inst_ddr3_axi/inst_efx_ddr3/top_mc/controller_main/bram_u1/u_efx_fifo_top/xefx_fifo_ctl/async_clk.wr2rd_addr_sync/async_reg[0][1]~FF
INFO     :  ddr3_ctl_axi/u_efx_ddr3_soft_controller/genblk1.inst_ddr3_axi/inst_efx_ddr3/top_mc/controller_main/bram_u1/u_efx_fifo_top/xefx_fifo_ctl/async_clk.waddr_cntr_gry_sync[1]~FF
INFO     : 	Synchronizer 57: 
INFO     :  ddr3_ctl_axi/u_efx_ddr3_soft_controller/genblk1.inst_ddr3_axi/inst_efx_ddr3/top_mc/fifo_rd/xefx_fifo_ctl/async_clk.wr2rd_addr_sync/async_reg[0][6]~FF
INFO     :  ddr3_ctl_axi/u_efx_ddr3_soft_controller/genblk1.inst_ddr3_axi/inst_efx_ddr3/top_mc/fifo_rd/xefx_fifo_ctl/async_clk.waddr_cntr_gry_sync[6]~FF
INFO     : 	Synchronizer 58: 
INFO     :  ddr3_ctl_axi/u_efx_ddr3_soft_controller/genblk1.inst_ddr3_axi/inst_efx_ddr3/top_mc/controller_main/bram_u2/u_efx_fifo_top/xefx_fifo_ctl/async_clk.xrd2wr_addr_sync/async_reg[0][6]~FF
INFO     :  ddr3_ctl_axi/u_efx_ddr3_soft_controller/genblk1.inst_ddr3_axi/inst_efx_ddr3/top_mc/controller_main/bram_u2/u_efx_fifo_top/xefx_fifo_ctl/async_clk.raddr_cntr_gry_sync[6]~FF
INFO     : 	Synchronizer 59: 
INFO     :  ddr3_ctl_axi/u_efx_ddr3_soft_controller/genblk1.inst_ddr3_axi/inst_efx_ddr3/top_mc/fifo_rd/xefx_fifo_ctl/async_clk.wr2rd_addr_sync/async_reg[0][1]~FF
INFO     :  ddr3_ctl_axi/u_efx_ddr3_soft_controller/genblk1.inst_ddr3_axi/inst_efx_ddr3/top_mc/fifo_rd/xefx_fifo_ctl/async_clk.waddr_cntr_gry_sync[1]~FF
INFO     : 	Synchronizer 60: 
INFO     :  ddr3_ctl_axi/u_efx_ddr3_soft_controller/genblk1.inst_ddr3_axi/inst_efx_ddr3/top_mc/controller_main/bram_u2/u_efx_fifo_top/xefx_fifo_ctl/async_clk.xrd2wr_addr_sync/async_reg[0][1]~FF
INFO     :  ddr3_ctl_axi/u_efx_ddr3_soft_controller/genblk1.inst_ddr3_axi/inst_efx_ddr3/top_mc/controller_main/bram_u2/u_efx_fifo_top/xefx_fifo_ctl/async_clk.raddr_cntr_gry_sync[1]~FF
INFO     : 	Synchronizer 61: 
INFO     :  ddr3_ctl_axi/u_efx_ddr3_soft_controller/genblk1.inst_ddr3_axi/inst_efx_ddr3/top_mc/fifo_ack/popToPushGray_buffercc/buffers_0[0]~FF
INFO     :  ddr3_ctl_axi/u_efx_ddr3_soft_controller/genblk1.inst_ddr3_axi/inst_efx_ddr3/top_mc/fifo_ack/popToPushGray_buffercc_io_dataOut[0]~FF
INFO     : 	Synchronizer 62: 
INFO     :  ddr3_ctl_axi/u_efx_ddr3_soft_controller/genblk1.inst_ddr3_axi/inst_efx_ddr3/top_mc/fifo_ar/popToPushGray_buffercc/buffers_0[5]~FF
INFO     :  ddr3_ctl_axi/u_efx_ddr3_soft_controller/genblk1.inst_ddr3_axi/inst_efx_ddr3/top_mc/fifo_ar/popToPushGray_buffercc_io_dataOut[5]~FF
INFO     : 	Synchronizer 63: 
INFO     :  ddr3_ctl_axi/u_efx_ddr3_soft_controller/genblk1.inst_ddr3_axi/inst_efx_ddr3/top_mc/fifo_ack/popToPushGray_buffercc/buffers_0[2]~FF
INFO     :  ddr3_ctl_axi/u_efx_ddr3_soft_controller/genblk1.inst_ddr3_axi/inst_efx_ddr3/top_mc/fifo_ack/popToPushGray_buffercc_io_dataOut[2]~FF
INFO     : 	Synchronizer 64: 
INFO     :  ddr3_ctl_axi/u_efx_ddr3_soft_controller/genblk1.inst_ddr3_axi/inst_efx_ddr3/top_mc/controller_main/bram_u1/u_efx_fifo_top/xefx_fifo_ctl/async_clk.wr2rd_addr_sync/async_reg[0][0]~FF
INFO     :  ddr3_ctl_axi/u_efx_ddr3_soft_controller/genblk1.inst_ddr3_axi/inst_efx_ddr3/top_mc/controller_main/bram_u1/u_efx_fifo_top/xefx_fifo_ctl/async_clk.waddr_cntr_gry_sync[0]~FF
INFO     : 	Synchronizer 65: 
INFO     :  ddr3_ctl_axi/u_efx_ddr3_soft_controller/genblk1.inst_ddr3_axi/inst_efx_ddr3/top_mc/fifo_rd/xefx_fifo_ctl/async_clk.wr2rd_addr_sync/async_reg[0][2]~FF
INFO     :  ddr3_ctl_axi/u_efx_ddr3_soft_controller/genblk1.inst_ddr3_axi/inst_efx_ddr3/top_mc/fifo_rd/xefx_fifo_ctl/async_clk.waddr_cntr_gry_sync[2]~FF
INFO     : 	Synchronizer 66: 
INFO     :  ddr3_ctl_axi/u_efx_ddr3_soft_controller/genblk1.inst_ddr3_axi/inst_efx_ddr3/top_mc/controller_main/bram_u2/u_efx_fifo_top/xefx_fifo_ctl/async_clk.wr2rd_addr_sync/async_reg[0][2]~FF
INFO     :  ddr3_ctl_axi/u_efx_ddr3_soft_controller/genblk1.inst_ddr3_axi/inst_efx_ddr3/top_mc/controller_main/bram_u2/u_efx_fifo_top/xefx_fifo_ctl/async_clk.waddr_cntr_gry_sync[2]~FF
INFO     : 	Synchronizer 67: 
INFO     :  ddr3_ctl_axi/u_efx_ddr3_soft_controller/genblk1.inst_ddr3_axi/inst_efx_ddr3/top_mc/controller_main/bram_u1/u_efx_fifo_top/xefx_fifo_ctl/async_clk.wr2rd_addr_sync/async_reg[0][3]~FF
INFO     :  ddr3_ctl_axi/u_efx_ddr3_soft_controller/genblk1.inst_ddr3_axi/inst_efx_ddr3/top_mc/controller_main/bram_u1/u_efx_fifo_top/xefx_fifo_ctl/async_clk.waddr_cntr_gry_sync[3]~FF
INFO     : 	Synchronizer 68: 
INFO     :  ddr3_ctl_axi/u_efx_ddr3_soft_controller/genblk1.inst_ddr3_axi/inst_efx_ddr3/top_mc/fifo_rd/xefx_fifo_ctl/async_clk.wr2rd_addr_sync/async_reg[0][0]~FF
INFO     :  ddr3_ctl_axi/u_efx_ddr3_soft_controller/genblk1.inst_ddr3_axi/inst_efx_ddr3/top_mc/fifo_rd/xefx_fifo_ctl/async_clk.waddr_cntr_gry_sync[0]~FF
INFO     : 	Synchronizer 69: 
INFO     :  ddr3_ctl_axi/u_efx_ddr3_soft_controller/genblk1.inst_ddr3_axi/inst_efx_ddr3/top_mc/controller_main/bram_u2/u_efx_fifo_top/xefx_fifo_ctl/async_clk.wr2rd_addr_sync/async_reg[0][0]~FF
INFO     :  ddr3_ctl_axi/u_efx_ddr3_soft_controller/genblk1.inst_ddr3_axi/inst_efx_ddr3/top_mc/controller_main/bram_u2/u_efx_fifo_top/xefx_fifo_ctl/async_clk.waddr_cntr_gry_sync[0]~FF
INFO     : 	Synchronizer 70: 
INFO     :  ddr3_ctl_axi/u_efx_ddr3_soft_controller/genblk1.inst_ddr3_axi/inst_efx_ddr3/top_mc/fifo_ack/popToPushGray_buffercc/buffers_0[3]~FF
INFO     :  ddr3_ctl_axi/u_efx_ddr3_soft_controller/genblk1.inst_ddr3_axi/inst_efx_ddr3/top_mc/fifo_ack/popToPushGray_buffercc_io_dataOut[3]~FF
INFO     : 	Synchronizer 71: 
INFO     :  ddr3_ctl_axi/u_efx_ddr3_soft_controller/genblk1.inst_ddr3_axi/inst_efx_ddr3/top_mc/ac_fifo/pushToPopGray_buffercc/buffers_0[5]~FF
INFO     :  ddr3_ctl_axi/u_efx_ddr3_soft_controller/genblk1.inst_ddr3_axi/inst_efx_ddr3/top_mc/ac_fifo/pushToPopGray_buffercc_io_dataOut[5]~FF
INFO     : 	Synchronizer 72: 
INFO     :  ddr3_ctl_axi/u_efx_ddr3_soft_controller/genblk1.inst_ddr3_axi/inst_efx_ddr3/top_mc/ac_fifo/pushToPopGray_buffercc/buffers_0[4]~FF
INFO     :  ddr3_ctl_axi/u_efx_ddr3_soft_controller/genblk1.inst_ddr3_axi/inst_efx_ddr3/top_mc/ac_fifo/pushToPopGray_buffercc_io_dataOut[4]~FF
INFO     : 	Synchronizer 73: 
INFO     :  u_afifo_w32r8_reshape/u_efx_fifo_top/xefx_fifo_ctl/async_clk.wr2rd_addr_sync/async_reg[0][6]~FF
INFO     :  u_afifo_w32r8_reshape/u_efx_fifo_top/xefx_fifo_ctl/async_clk.waddr_cntr_gry_sync[6]~FF
INFO     : 	Synchronizer 74: 
INFO     :  ddr3_ctl_axi/u_efx_ddr3_soft_controller/genblk1.inst_ddr3_axi/inst_efx_ddr3/top_mc/ac_fifo/pushToPopGray_buffercc/buffers_0[3]~FF
INFO     :  ddr3_ctl_axi/u_efx_ddr3_soft_controller/genblk1.inst_ddr3_axi/inst_efx_ddr3/top_mc/ac_fifo/pushToPopGray_buffercc_io_dataOut[3]~FF
INFO     : 	Synchronizer 75: 
INFO     :  ddr3_ctl_axi/u_efx_ddr3_soft_controller/genblk1.inst_ddr3_axi/inst_efx_ddr3/top_mc/fifo_rdpush/pushToPopGray_buffercc/buffers_0[4]~FF
INFO     :  ddr3_ctl_axi/u_efx_ddr3_soft_controller/genblk1.inst_ddr3_axi/inst_efx_ddr3/top_mc/fifo_rdpush/pushToPopGray_buffercc_io_dataOut[4]~FF
INFO     : 	Synchronizer 76: 
INFO     :  ddr3_ctl_axi/u_efx_ddr3_soft_controller/genblk1.inst_ddr3_axi/inst_efx_ddr3/top_mc/fifo_rdpush/pushToPopGray_buffercc/buffers_0[3]~FF
INFO     :  ddr3_ctl_axi/u_efx_ddr3_soft_controller/genblk1.inst_ddr3_axi/inst_efx_ddr3/top_mc/fifo_rdpush/pushToPopGray_buffercc_io_dataOut[3]~FF
INFO     : 	Synchronizer 77: 
INFO     :  ddr3_ctl_axi/u_efx_ddr3_soft_controller/genblk1.inst_ddr3_axi/inst_efx_ddr3/top_mc/fifo_rdpush/pushToPopGray_buffercc/buffers_0[2]~FF
INFO     :  ddr3_ctl_axi/u_efx_ddr3_soft_controller/genblk1.inst_ddr3_axi/inst_efx_ddr3/top_mc/fifo_rdpush/pushToPopGray_buffercc_io_dataOut[2]~FF
INFO     : 	Synchronizer 78: 
INFO     :  ddr3_ctl_axi/u_efx_ddr3_soft_controller/genblk1.inst_ddr3_axi/inst_efx_ddr3/top_mc/fifo_ack/pushToPopGray_buffercc/buffers_0[6]~FF
INFO     :  ddr3_ctl_axi/u_efx_ddr3_soft_controller/genblk1.inst_ddr3_axi/inst_efx_ddr3/top_mc/fifo_ack/pushToPopGray_buffercc_io_dataOut[6]~FF
INFO     : 	Synchronizer 79: 
INFO     :  ddr3_ctl_axi/u_efx_ddr3_soft_controller/genblk1.inst_ddr3_axi/inst_efx_ddr3/top_mc/fifo_rdpush/pushToPopGray_buffercc/buffers_0[1]~FF
INFO     :  ddr3_ctl_axi/u_efx_ddr3_soft_controller/genblk1.inst_ddr3_axi/inst_efx_ddr3/top_mc/fifo_rdpush/pushToPopGray_buffercc_io_dataOut[1]~FF
INFO     : 	Synchronizer 80: 
INFO     :  ddr3_ctl_axi/u_efx_ddr3_soft_controller/genblk1.inst_ddr3_axi/inst_efx_ddr3/top_mc/fifo_ar/popToPushGray_buffercc/buffers_0[4]~FF
INFO     :  ddr3_ctl_axi/u_efx_ddr3_soft_controller/genblk1.inst_ddr3_axi/inst_efx_ddr3/top_mc/fifo_ar/popToPushGray_buffercc_io_dataOut[4]~FF
INFO     : 	Synchronizer 81: 
INFO     :  ddr3_ctl_axi/u_efx_ddr3_soft_controller/genblk1.inst_ddr3_axi/inst_efx_ddr3/top_mc/fifo_ar/popToPushGray_buffercc/buffers_0[3]~FF
INFO     :  ddr3_ctl_axi/u_efx_ddr3_soft_controller/genblk1.inst_ddr3_axi/inst_efx_ddr3/top_mc/fifo_ar/popToPushGray_buffercc_io_dataOut[3]~FF
INFO     : 	Synchronizer 82: 
INFO     :  ddr3_ctl_axi/u_efx_ddr3_soft_controller/genblk1.inst_ddr3_axi/inst_efx_ddr3/top_mc/fifo_ar/popToPushGray_buffercc/buffers_0[2]~FF
INFO     :  ddr3_ctl_axi/u_efx_ddr3_soft_controller/genblk1.inst_ddr3_axi/inst_efx_ddr3/top_mc/fifo_ar/popToPushGray_buffercc_io_dataOut[2]~FF
INFO     : 	Synchronizer 83: 
INFO     :  ddr3_ctl_axi/u_efx_ddr3_soft_controller/genblk1.inst_ddr3_axi/inst_efx_ddr3/top_mc/fifo_aw/popToPushGray_buffercc/buffers_0[6]~FF
INFO     :  ddr3_ctl_axi/u_efx_ddr3_soft_controller/genblk1.inst_ddr3_axi/inst_efx_ddr3/top_mc/fifo_aw/popToPushGray_buffercc_io_dataOut[6]~FF
INFO     : 	Synchronizer 84: 
INFO     :  ddr3_ctl_axi/u_efx_ddr3_soft_controller/genblk1.inst_ddr3_axi/inst_efx_ddr3/top_mc/fifo_ar/popToPushGray_buffercc/buffers_0[1]~FF
INFO     :  ddr3_ctl_axi/u_efx_ddr3_soft_controller/genblk1.inst_ddr3_axi/inst_efx_ddr3/top_mc/fifo_ar/popToPushGray_buffercc_io_dataOut[1]~FF
INFO     : 	Synchronizer 85: 
INFO     :  mipi_rx_0/u_efx_csi2_rx/csi2_rx_top_inst/genblk3.byte2pixel_inst/u1_inst/xefx_fifo_ctl/async_clk.wr2rd_addr_sync/async_reg[0][1]~FF
INFO     :  mipi_rx_0/u_efx_csi2_rx/csi2_rx_top_inst/genblk3.byte2pixel_inst/u1_inst/xefx_fifo_ctl/async_clk.waddr_cntr_gry_sync[1]~FF
INFO     : 	Synchronizer 86: 
INFO     :  ddr3_ctl_axi/u_efx_ddr3_soft_controller/genblk1.inst_ddr3_axi/inst_efx_ddr3/top_mc/fifo_aw/popToPushGray_buffercc/buffers_0[5]~FF
INFO     :  ddr3_ctl_axi/u_efx_ddr3_soft_controller/genblk1.inst_ddr3_axi/inst_efx_ddr3/top_mc/fifo_aw/popToPushGray_buffercc_io_dataOut[5]~FF
INFO     : 	Synchronizer 87: 
INFO     :  ddr3_ctl_axi/u_efx_ddr3_soft_controller/genblk1.inst_ddr3_axi/inst_efx_ddr3/top_mc/fifo_aw/popToPushGray_buffercc/buffers_0[4]~FF
INFO     :  ddr3_ctl_axi/u_efx_ddr3_soft_controller/genblk1.inst_ddr3_axi/inst_efx_ddr3/top_mc/fifo_aw/popToPushGray_buffercc_io_dataOut[4]~FF
INFO     : 	Synchronizer 88: 
INFO     :  ddr3_ctl_axi/u_efx_ddr3_soft_controller/genblk1.inst_ddr3_axi/inst_efx_ddr3/top_mc/fifo_aw/popToPushGray_buffercc/buffers_0[3]~FF
INFO     :  ddr3_ctl_axi/u_efx_ddr3_soft_controller/genblk1.inst_ddr3_axi/inst_efx_ddr3/top_mc/fifo_aw/popToPushGray_buffercc_io_dataOut[3]~FF
INFO     : 	Synchronizer 89: 
INFO     :  ddr3_ctl_axi/u_efx_ddr3_soft_controller/genblk1.inst_ddr3_axi/inst_efx_ddr3/top_mc/fifo_ar/popToPushGray_buffercc/buffers_0[0]~FF
INFO     :  ddr3_ctl_axi/u_efx_ddr3_soft_controller/genblk1.inst_ddr3_axi/inst_efx_ddr3/top_mc/fifo_ar/popToPushGray_buffercc_io_dataOut[0]~FF
INFO     : 	Synchronizer 90: 
INFO     :  ddr3_ctl_axi/u_efx_ddr3_soft_controller/genblk1.inst_ddr3_axi/inst_efx_ddr3/top_mc/fifo_aw/popToPushGray_buffercc/buffers_0[2]~FF
INFO     :  ddr3_ctl_axi/u_efx_ddr3_soft_controller/genblk1.inst_ddr3_axi/inst_efx_ddr3/top_mc/fifo_aw/popToPushGray_buffercc_io_dataOut[2]~FF
INFO     : 	Synchronizer 91: 
INFO     :  ddr3_ctl_axi/u_efx_ddr3_soft_controller/genblk1.inst_ddr3_axi/inst_efx_ddr3/top_mc/fifo_wr/pushToPopGray_buffercc/buffers_0[2]~FF
INFO     :  ddr3_ctl_axi/u_efx_ddr3_soft_controller/genblk1.inst_ddr3_axi/inst_efx_ddr3/top_mc/fifo_wr/pushToPopGray_buffercc_io_dataOut[2]~FF
INFO     : 	Synchronizer 92: 
INFO     :  ddr3_ctl_axi/u_efx_ddr3_soft_controller/genblk1.inst_ddr3_axi/inst_efx_ddr3/top_mc/fifo_aw/popToPushGray_buffercc/buffers_0[1]~FF
INFO     :  ddr3_ctl_axi/u_efx_ddr3_soft_controller/genblk1.inst_ddr3_axi/inst_efx_ddr3/top_mc/fifo_aw/popToPushGray_buffercc_io_dataOut[1]~FF
INFO     : 	Synchronizer 93: 
INFO     :  mipi_rx_0/u_efx_csi2_rx/csi2_rx_top_inst/genblk3.byte2pixel_inst/syncreg_20/async_reg[0][0]~FF
INFO     :  mipi_rx_0/u_efx_csi2_rx/csi2_rx_top_inst/genblk3.byte2pixel_inst/vc_sync[0]~FF
INFO     : 	Synchronizer 94: 
INFO     :  ddr3_ctl_axi/u_efx_ddr3_soft_controller/genblk1.inst_ddr3_axi/inst_efx_ddr3/top_mc/fifo_wr/pushToPopGray_buffercc/buffers_0[1]~FF
INFO     :  ddr3_ctl_axi/u_efx_ddr3_soft_controller/genblk1.inst_ddr3_axi/inst_efx_ddr3/top_mc/fifo_wr/pushToPopGray_buffercc_io_dataOut[1]~FF
INFO     : 	Synchronizer 95: 
INFO     :  mipi_rx_0/u_efx_csi2_rx/csi2_rx_top_inst/genblk3.byte2pixel_inst/syncreg_18/async_reg[0][0]~FF
INFO     :  mipi_rx_0/u_efx_csi2_rx/csi2_rx_top_inst/genblk3.byte2pixel_inst/embed_8bit_nonvideo_int~FF
INFO     : 	Synchronizer 96: 
INFO     :  ddr3_ctl_axi/u_efx_ddr3_soft_controller/genblk1.inst_ddr3_axi/inst_efx_ddr3/top_mc/controller_main/bram_u0/u_efx_fifo_top/xefx_fifo_ctl/async_clk.xrd2wr_addr_sync/async_reg[0][2]~FF
INFO     :  ddr3_ctl_axi/u_efx_ddr3_soft_controller/genblk1.inst_ddr3_axi/inst_efx_ddr3/top_mc/controller_main/bram_u0/u_efx_fifo_top/xefx_fifo_ctl/async_clk.raddr_cntr_gry_sync[2]~FF
INFO     : 	Synchronizer 97: 
INFO     :  ddr3_ctl_axi/u_efx_ddr3_soft_controller/genblk1.inst_ddr3_axi/inst_efx_ddr3/top_mc/fifo_rdpush/pushToPopGray_buffercc/buffers_0[6]~FF
INFO     :  ddr3_ctl_axi/u_efx_ddr3_soft_controller/genblk1.inst_ddr3_axi/inst_efx_ddr3/top_mc/fifo_rdpush/pushToPopGray_buffercc_io_dataOut[6]~FF
INFO     : 	Synchronizer 98: 
INFO     :  ddr3_ctl_axi/u_efx_ddr3_soft_controller/genblk1.inst_ddr3_axi/inst_efx_ddr3/top_mc/fifo_wr/pushToPopGray_buffercc/buffers_0[4]~FF
INFO     :  ddr3_ctl_axi/u_efx_ddr3_soft_controller/genblk1.inst_ddr3_axi/inst_efx_ddr3/top_mc/fifo_wr/pushToPopGray_buffercc_io_dataOut[4]~FF
INFO     : 	Synchronizer 99: 
INFO     :  mipi_rx_0/u_efx_csi2_rx/csi2_rx_top_inst/genblk3.byte2pixel_inst/syncreg_20/async_reg[0][1]~FF
INFO     :  mipi_rx_0/u_efx_csi2_rx/csi2_rx_top_inst/genblk3.byte2pixel_inst/vc_sync[1]~FF
INFO     : 	Synchronizer 100: 
INFO     :  ddr3_ctl_axi/u_efx_ddr3_soft_controller/genblk1.inst_ddr3_axi/inst_efx_ddr3/top_mc/controller_main/bram_u0/u_efx_fifo_top/xefx_fifo_ctl/async_clk.xrd2wr_addr_sync/async_reg[0][0]~FF
INFO     :  ddr3_ctl_axi/u_efx_ddr3_soft_controller/genblk1.inst_ddr3_axi/inst_efx_ddr3/top_mc/controller_main/bram_u0/u_efx_fifo_top/xefx_fifo_ctl/async_clk.raddr_cntr_gry_sync[0]~FF
INFO     : 	Synchronizer 101: 
INFO     :  ddr3_ctl_axi/u_efx_ddr3_soft_controller/genblk1.inst_ddr3_axi/inst_efx_ddr3/top_mc/fifo_aw/popToPushGray_buffercc/buffers_0[0]~FF
INFO     :  ddr3_ctl_axi/u_efx_ddr3_soft_controller/genblk1.inst_ddr3_axi/inst_efx_ddr3/top_mc/fifo_aw/popToPushGray_buffercc_io_dataOut[0]~FF
INFO     : 	Synchronizer 102: 
INFO     :  ddr3_ctl_axi/u_efx_ddr3_soft_controller/genblk1.inst_ddr3_axi/inst_efx_ddr3/top_mc/fifo_rdpush/pushToPopGray_buffercc/buffers_0[5]~FF
INFO     :  ddr3_ctl_axi/u_efx_ddr3_soft_controller/genblk1.inst_ddr3_axi/inst_efx_ddr3/top_mc/fifo_rdpush/pushToPopGray_buffercc_io_dataOut[5]~FF
INFO     : 	Synchronizer 103: 
INFO     :  ddr3_ctl_axi/u_efx_ddr3_soft_controller/genblk1.inst_ddr3_axi/inst_efx_ddr3/top_mc/fifo_wr/pushToPopGray_buffercc/buffers_0[3]~FF
INFO     :  ddr3_ctl_axi/u_efx_ddr3_soft_controller/genblk1.inst_ddr3_axi/inst_efx_ddr3/top_mc/fifo_wr/pushToPopGray_buffercc_io_dataOut[3]~FF
INFO     : 	Synchronizer 104: 
INFO     :  mipi_rx_0/u_efx_csi2_rx/csi2_rx_top_inst/genblk3.byte2pixel_inst/u1_inst/xefx_fifo_ctl/async_clk.wr2rd_addr_sync/async_reg[0][10]~FF
INFO     :  mipi_rx_0/u_efx_csi2_rx/csi2_rx_top_inst/genblk3.byte2pixel_inst/u1_inst/xefx_fifo_ctl/async_clk.waddr_cntr_gry_sync[10]~FF
INFO     : 	Synchronizer 105: 
INFO     :  ddr3_ctl_axi/u_efx_ddr3_soft_controller/genblk1.inst_ddr3_axi/inst_efx_ddr3/top_mc/controller_main/bram_u0/u_efx_fifo_top/xefx_fifo_ctl/async_clk.xrd2wr_addr_sync/async_reg[0][3]~FF
INFO     :  ddr3_ctl_axi/u_efx_ddr3_soft_controller/genblk1.inst_ddr3_axi/inst_efx_ddr3/top_mc/controller_main/bram_u0/u_efx_fifo_top/xefx_fifo_ctl/async_clk.raddr_cntr_gry_sync[3]~FF
INFO     : 	Synchronizer 106: 
INFO     :  u_i2c_timing_ctrl_16bit/u_afifo_w24d16_r24d16/u_efx_fifo_top/xefx_fifo_ctl/async_clk.wr2rd_addr_sync/async_reg[0][2]~FF
INFO     :  u_i2c_timing_ctrl_16bit/u_afifo_w24d16_r24d16/u_efx_fifo_top/xefx_fifo_ctl/async_clk.waddr_cntr_gry_sync[2]~FF
INFO     : 	Synchronizer 107: 
INFO     :  u_axi4_ctrl/Gen_FIFO_W32.u_W0_FIFO_32/u_efx_fifo_top/xefx_fifo_ctl/async_clk.wr2rd_addr_sync/async_reg[0][11]~FF
INFO     :  u_axi4_ctrl/Gen_FIFO_W32.u_W0_FIFO_32/u_efx_fifo_top/xefx_fifo_ctl/async_clk.wr2rd_addr_sync/async_reg[1][11]~FF
INFO     :  u_axi4_ctrl/Gen_FIFO_W32.u_W0_FIFO_32/u_efx_fifo_top/xefx_fifo_ctl/async_clk.waddr_cntr_gry_sync[11]~FF
INFO     : 	Synchronizer 108: 
INFO     :  ddr3_ctl_axi/u_efx_ddr3_soft_controller/genblk1.inst_ddr3_axi/inst_efx_ddr3/top_mc/fifo_aw/pushToPopGray_buffercc/buffers_0[0]~FF
INFO     :  ddr3_ctl_axi/u_efx_ddr3_soft_controller/genblk1.inst_ddr3_axi/inst_efx_ddr3/top_mc/fifo_aw/pushToPopGray_buffercc_io_dataOut[0]~FF
INFO     : 	Synchronizer 109: 
INFO     :  ddr3_ctl_axi/u_efx_ddr3_soft_controller/genblk1.inst_ddr3_axi/inst_efx_ddr3/top_mc/fifo_aw/pushToPopGray_buffercc/buffers_0[1]~FF
INFO     :  ddr3_ctl_axi/u_efx_ddr3_soft_controller/genblk1.inst_ddr3_axi/inst_efx_ddr3/top_mc/fifo_aw/pushToPopGray_buffercc_io_dataOut[1]~FF
INFO     : 	Synchronizer 110: 
INFO     :  ddr3_ctl_axi/u_efx_ddr3_soft_controller/genblk1.inst_ddr3_axi/inst_efx_ddr3/top_mc/fifo_aw/pushToPopGray_buffercc/buffers_0[2]~FF
INFO     :  ddr3_ctl_axi/u_efx_ddr3_soft_controller/genblk1.inst_ddr3_axi/inst_efx_ddr3/top_mc/fifo_aw/pushToPopGray_buffercc_io_dataOut[2]~FF
INFO     : 	Synchronizer 111: 
INFO     :  ddr3_ctl_axi/u_efx_ddr3_soft_controller/genblk1.inst_ddr3_axi/inst_efx_ddr3/top_mc/controller_main/bram_u1/u_efx_fifo_top/xefx_fifo_ctl/async_clk.xrd2wr_addr_sync/async_reg[0][5]~FF
INFO     :  ddr3_ctl_axi/u_efx_ddr3_soft_controller/genblk1.inst_ddr3_axi/inst_efx_ddr3/top_mc/controller_main/bram_u1/u_efx_fifo_top/xefx_fifo_ctl/async_clk.raddr_cntr_gry_sync[5]~FF
INFO     : 	Synchronizer 112: 
INFO     :  ddr3_ctl_axi/u_efx_ddr3_soft_controller/genblk1.inst_ddr3_axi/inst_efx_ddr3/top_mc/fifo_rd/xefx_fifo_ctl/async_clk.xrd2wr_addr_sync/async_reg[0][4]~FF
INFO     :  ddr3_ctl_axi/u_efx_ddr3_soft_controller/genblk1.inst_ddr3_axi/inst_efx_ddr3/top_mc/fifo_rd/xefx_fifo_ctl/async_clk.raddr_cntr_gry_sync[4]~FF
INFO     : 	Synchronizer 113: 
INFO     :  u_axi4_ctrl/Gen_FIFO_W32.u_W0_FIFO_32/u_efx_fifo_top/xefx_fifo_ctl/async_clk.wr2rd_addr_sync/async_reg[0][5]~FF
INFO     :  u_axi4_ctrl/Gen_FIFO_W32.u_W0_FIFO_32/u_efx_fifo_top/xefx_fifo_ctl/async_clk.wr2rd_addr_sync/async_reg[1][5]~FF
INFO     :  u_axi4_ctrl/Gen_FIFO_W32.u_W0_FIFO_32/u_efx_fifo_top/xefx_fifo_ctl/async_clk.waddr_cntr_gry_sync[5]~FF
INFO     : 	Synchronizer 114: 
INFO     :  ddr3_ctl_axi/u_efx_ddr3_soft_controller/genblk1.inst_ddr3_axi/inst_efx_ddr3/top_mc/fifo_aw/pushToPopGray_buffercc/buffers_0[3]~FF
INFO     :  ddr3_ctl_axi/u_efx_ddr3_soft_controller/genblk1.inst_ddr3_axi/inst_efx_ddr3/top_mc/fifo_aw/pushToPopGray_buffercc_io_dataOut[3]~FF
INFO     : 	Synchronizer 115: 
INFO     :  ddr3_ctl_axi/u_efx_ddr3_soft_controller/genblk1.inst_ddr3_axi/inst_efx_ddr3/top_mc/controller_main/bram_u1/u_efx_fifo_top/xefx_fifo_ctl/async_clk.xrd2wr_addr_sync/async_reg[0][4]~FF
INFO     :  ddr3_ctl_axi/u_efx_ddr3_soft_controller/genblk1.inst_ddr3_axi/inst_efx_ddr3/top_mc/controller_main/bram_u1/u_efx_fifo_top/xefx_fifo_ctl/async_clk.raddr_cntr_gry_sync[4]~FF
INFO     : 	Synchronizer 116: 
INFO     :  ddr3_ctl_axi/u_efx_ddr3_soft_controller/genblk1.inst_ddr3_axi/inst_efx_ddr3/top_mc/fifo_rd/xefx_fifo_ctl/async_clk.xrd2wr_addr_sync/async_reg[0][3]~FF
INFO     :  ddr3_ctl_axi/u_efx_ddr3_soft_controller/genblk1.inst_ddr3_axi/inst_efx_ddr3/top_mc/fifo_rd/xefx_fifo_ctl/async_clk.raddr_cntr_gry_sync[3]~FF
INFO     : 	Synchronizer 117: 
INFO     :  u_axi4_ctrl/Gen_FIFO_W32.u_W0_FIFO_32/u_efx_fifo_top/xefx_fifo_ctl/async_clk.wr2rd_addr_sync/async_reg[0][4]~FF
INFO     :  u_axi4_ctrl/Gen_FIFO_W32.u_W0_FIFO_32/u_efx_fifo_top/xefx_fifo_ctl/async_clk.wr2rd_addr_sync/async_reg[1][4]~FF
INFO     :  u_axi4_ctrl/Gen_FIFO_W32.u_W0_FIFO_32/u_efx_fifo_top/xefx_fifo_ctl/async_clk.waddr_cntr_gry_sync[4]~FF
INFO     : 	Synchronizer 118: 
INFO     :  ddr3_ctl_axi/u_efx_ddr3_soft_controller/genblk1.inst_ddr3_axi/inst_efx_ddr3/top_mc/fifo_ack/popToPushGray_buffercc/buffers_0[6]~FF
INFO     :  ddr3_ctl_axi/u_efx_ddr3_soft_controller/genblk1.inst_ddr3_axi/inst_efx_ddr3/top_mc/fifo_ack/popToPushGray_buffercc_io_dataOut[6]~FF
INFO     : 	Synchronizer 119: 
INFO     :  ddr3_ctl_axi/u_efx_ddr3_soft_controller/genblk1.inst_ddr3_axi/inst_efx_ddr3/top_mc/fifo_aw/pushToPopGray_buffercc/buffers_0[4]~FF
INFO     :  ddr3_ctl_axi/u_efx_ddr3_soft_controller/genblk1.inst_ddr3_axi/inst_efx_ddr3/top_mc/fifo_aw/pushToPopGray_buffercc_io_dataOut[4]~FF
INFO     : 	Synchronizer 120: 
INFO     :  ddr3_ctl_axi/u_efx_ddr3_soft_controller/genblk1.inst_ddr3_axi/inst_efx_ddr3/top_mc/controller_main/bram_u1/u_efx_fifo_top/xefx_fifo_ctl/async_clk.xrd2wr_addr_sync/async_reg[0][3]~FF
INFO     :  ddr3_ctl_axi/u_efx_ddr3_soft_controller/genblk1.inst_ddr3_axi/inst_efx_ddr3/top_mc/controller_main/bram_u1/u_efx_fifo_top/xefx_fifo_ctl/async_clk.raddr_cntr_gry_sync[3]~FF
INFO     : 	Synchronizer 121: 
INFO     :  ddr3_ctl_axi/u_efx_ddr3_soft_controller/genblk1.inst_ddr3_axi/inst_efx_ddr3/top_mc/fifo_rd/xefx_fifo_ctl/async_clk.xrd2wr_addr_sync/async_reg[0][0]~FF
INFO     :  ddr3_ctl_axi/u_efx_ddr3_soft_controller/genblk1.inst_ddr3_axi/inst_efx_ddr3/top_mc/fifo_rd/xefx_fifo_ctl/async_clk.raddr_cntr_gry_sync[0]~FF
INFO     : 	Synchronizer 122: 
INFO     :  u_axi4_ctrl/Gen_FIFO_W32.u_W0_FIFO_32/u_efx_fifo_top/xefx_fifo_ctl/async_clk.wr2rd_addr_sync/async_reg[0][3]~FF
INFO     :  u_axi4_ctrl/Gen_FIFO_W32.u_W0_FIFO_32/u_efx_fifo_top/xefx_fifo_ctl/async_clk.wr2rd_addr_sync/async_reg[1][3]~FF
INFO     :  u_axi4_ctrl/Gen_FIFO_W32.u_W0_FIFO_32/u_efx_fifo_top/xefx_fifo_ctl/async_clk.waddr_cntr_gry_sync[3]~FF
INFO     : 	Synchronizer 123: 
INFO     :  ddr3_ctl_axi/u_efx_ddr3_soft_controller/genblk1.inst_ddr3_axi/inst_efx_ddr3/top_mc/fifo_aw/pushToPopGray_buffercc/buffers_0[5]~FF
INFO     :  ddr3_ctl_axi/u_efx_ddr3_soft_controller/genblk1.inst_ddr3_axi/inst_efx_ddr3/top_mc/fifo_aw/pushToPopGray_buffercc_io_dataOut[5]~FF
INFO     : 	Synchronizer 124: 
INFO     :  ddr3_ctl_axi/u_efx_ddr3_soft_controller/genblk1.inst_ddr3_axi/inst_efx_ddr3/top_mc/controller_main/bram_u1/u_efx_fifo_top/xefx_fifo_ctl/async_clk.xrd2wr_addr_sync/async_reg[0][0]~FF
INFO     :  ddr3_ctl_axi/u_efx_ddr3_soft_controller/genblk1.inst_ddr3_axi/inst_efx_ddr3/top_mc/controller_main/bram_u1/u_efx_fifo_top/xefx_fifo_ctl/async_clk.raddr_cntr_gry_sync[0]~FF
INFO     : 	Synchronizer 125: 
INFO     :  ddr3_ctl_axi/u_efx_ddr3_soft_controller/genblk1.inst_ddr3_axi/inst_efx_ddr3/top_mc/fifo_rd/xefx_fifo_ctl/async_clk.xrd2wr_addr_sync/async_reg[0][2]~FF
INFO     :  ddr3_ctl_axi/u_efx_ddr3_soft_controller/genblk1.inst_ddr3_axi/inst_efx_ddr3/top_mc/fifo_rd/xefx_fifo_ctl/async_clk.raddr_cntr_gry_sync[2]~FF
INFO     : 	Synchronizer 126: 
INFO     :  u_i2c_timing_ctrl_16bit/u_afifo_w24d16_r24d16/u_efx_fifo_top/xefx_fifo_ctl/async_clk.wr2rd_addr_sync/async_reg[0][4]~FF
INFO     :  u_i2c_timing_ctrl_16bit/u_afifo_w24d16_r24d16/u_efx_fifo_top/xefx_fifo_ctl/async_clk.waddr_cntr_gry_sync[4]~FF
INFO     : 	Synchronizer 127: 
INFO     :  u_axi4_ctrl/Gen_FIFO_W32.u_W0_FIFO_32/u_efx_fifo_top/xefx_fifo_ctl/async_clk.wr2rd_addr_sync/async_reg[0][8]~FF
INFO     :  u_axi4_ctrl/Gen_FIFO_W32.u_W0_FIFO_32/u_efx_fifo_top/xefx_fifo_ctl/async_clk.wr2rd_addr_sync/async_reg[1][8]~FF
INFO     :  u_axi4_ctrl/Gen_FIFO_W32.u_W0_FIFO_32/u_efx_fifo_top/xefx_fifo_ctl/async_clk.waddr_cntr_gry_sync[8]~FF
INFO     : 	Synchronizer 128: 
INFO     :  ddr3_ctl_axi/u_efx_ddr3_soft_controller/genblk1.inst_ddr3_axi/inst_efx_ddr3/top_mc/fifo_aw/pushToPopGray_buffercc/buffers_0[6]~FF
INFO     :  ddr3_ctl_axi/u_efx_ddr3_soft_controller/genblk1.inst_ddr3_axi/inst_efx_ddr3/top_mc/fifo_aw/pushToPopGray_buffercc_io_dataOut[6]~FF
INFO     : 	Synchronizer 129: 
INFO     :  ddr3_ctl_axi/u_efx_ddr3_soft_controller/genblk1.inst_ddr3_axi/inst_efx_ddr3/top_mc/controller_main/bram_u1/u_efx_fifo_top/xefx_fifo_ctl/async_clk.xrd2wr_addr_sync/async_reg[0][2]~FF
INFO     :  ddr3_ctl_axi/u_efx_ddr3_soft_controller/genblk1.inst_ddr3_axi/inst_efx_ddr3/top_mc/controller_main/bram_u1/u_efx_fifo_top/xefx_fifo_ctl/async_clk.raddr_cntr_gry_sync[2]~FF
INFO     : 	Synchronizer 130: 
INFO     :  u_i2c_timing_ctrl_16bit/u_afifo_w24d16_r24d16/u_efx_fifo_top/xefx_fifo_ctl/async_clk.wr2rd_addr_sync/async_reg[0][3]~FF
INFO     :  u_i2c_timing_ctrl_16bit/u_afifo_w24d16_r24d16/u_efx_fifo_top/xefx_fifo_ctl/async_clk.waddr_cntr_gry_sync[3]~FF
INFO     : 	Synchronizer 131: 
INFO     :  u_axi4_ctrl/Gen_FIFO_W32.u_W0_FIFO_32/u_efx_fifo_top/xefx_fifo_ctl/async_clk.wr2rd_addr_sync/async_reg[0][9]~FF
INFO     :  u_axi4_ctrl/Gen_FIFO_W32.u_W0_FIFO_32/u_efx_fifo_top/xefx_fifo_ctl/async_clk.wr2rd_addr_sync/async_reg[1][9]~FF
INFO     :  u_axi4_ctrl/Gen_FIFO_W32.u_W0_FIFO_32/u_efx_fifo_top/xefx_fifo_ctl/async_clk.waddr_cntr_gry_sync[9]~FF
INFO     : 	Synchronizer 132: 
INFO     :  u_i2c_timing_ctrl_16bit/u_afifo_w24d16_r24d16/u_efx_fifo_top/xefx_fifo_ctl/async_clk.wr2rd_addr_sync/async_reg[0][0]~FF
INFO     :  u_i2c_timing_ctrl_16bit/u_afifo_w24d16_r24d16/u_efx_fifo_top/xefx_fifo_ctl/async_clk.waddr_cntr_gry_sync[0]~FF
INFO     : 	Synchronizer 133: 
INFO     :  u_axi4_ctrl/Gen_FIFO_W32.u_W0_FIFO_32/u_efx_fifo_top/xefx_fifo_ctl/async_clk.wr2rd_addr_sync/async_reg[0][10]~FF
INFO     :  u_axi4_ctrl/Gen_FIFO_W32.u_W0_FIFO_32/u_efx_fifo_top/xefx_fifo_ctl/async_clk.wr2rd_addr_sync/async_reg[1][10]~FF
INFO     :  u_axi4_ctrl/Gen_FIFO_W32.u_W0_FIFO_32/u_efx_fifo_top/xefx_fifo_ctl/async_clk.waddr_cntr_gry_sync[10]~FF
INFO     : 	Synchronizer 134: 
INFO     :  mipi_rx_0/u_efx_csi2_rx/csi2_rx_top_inst/genblk3.byte2pixel_inst/syncreg_2/async_reg[0][0]~FF
INFO     :  mipi_rx_0/u_efx_csi2_rx/csi2_rx_top_inst/genblk3.byte2pixel_inst/RAW8_int~FF
INFO     : 	Synchronizer 135: 
INFO     :  ddr3_ctl_axi/u_efx_ddr3_soft_controller/genblk1.inst_ddr3_axi/inst_efx_ddr3/top_mc/fifo_ack/popToPushGray_buffercc/buffers_0[5]~FF
INFO     :  ddr3_ctl_axi/u_efx_ddr3_soft_controller/genblk1.inst_ddr3_axi/inst_efx_ddr3/top_mc/fifo_ack/popToPushGray_buffercc_io_dataOut[5]~FF
INFO     : 	Synchronizer 136: 
INFO     :  ddr3_ctl_axi/u_efx_ddr3_soft_controller/genblk1.inst_ddr3_axi/inst_efx_ddr3/top_mc/fifo_rdpush/popToPushGray_buffercc/buffers_0[0]~FF
INFO     :  ddr3_ctl_axi/u_efx_ddr3_soft_controller/genblk1.inst_ddr3_axi/inst_efx_ddr3/top_mc/fifo_rdpush/popToPushGray_buffercc_io_dataOut[0]~FF
INFO     : 	Synchronizer 137: 
INFO     :  u_axi4_ctrl/Gen_FIFO_W32.u_W0_FIFO_32/u_efx_fifo_top/genblk2.genblk1.efx_resetsync_rd_rst/active_high.efx_resetsync_active_high/async_reg[0][0]~FF
INFO     :  u_axi4_ctrl/Gen_FIFO_W32.u_W0_FIFO_32/u_efx_fifo_top/rd_rst_int~FF
INFO     : 	Synchronizer 138: 
INFO     :  ddr3_ctl_axi/u_efx_ddr3_soft_controller/genblk1.inst_ddr3_axi/inst_efx_ddr3/top_mc/fifo_ar/pushToPopGray_buffercc/buffers_0[6]~FF
INFO     :  ddr3_ctl_axi/u_efx_ddr3_soft_controller/genblk1.inst_ddr3_axi/inst_efx_ddr3/top_mc/fifo_ar/pushToPopGray_buffercc_io_dataOut[6]~FF
INFO     : 	Synchronizer 139: 
INFO     :  ddr3_ctl_axi/u_efx_ddr3_soft_controller/genblk1.inst_ddr3_axi/inst_efx_ddr3/top_mc/fifo_ack/pushToPopGray_buffercc/buffers_0[5]~FF
INFO     :  ddr3_ctl_axi/u_efx_ddr3_soft_controller/genblk1.inst_ddr3_axi/inst_efx_ddr3/top_mc/fifo_ack/pushToPopGray_buffercc_io_dataOut[5]~FF
INFO     : 	Synchronizer 140: 
INFO     :  ddr3_ctl_axi/u_efx_ddr3_soft_controller/genblk1.inst_ddr3_axi/inst_efx_ddr3/top_mc/fifo_wr/pushToPopGray_buffercc/buffers_0[0]~FF
INFO     :  ddr3_ctl_axi/u_efx_ddr3_soft_controller/genblk1.inst_ddr3_axi/inst_efx_ddr3/top_mc/fifo_wr/pushToPopGray_buffercc_io_dataOut[0]~FF
INFO     : 	Synchronizer 141: 
INFO     :  mipi_rx_0/u_efx_csi2_rx/csi2_rx_top_inst/genblk3.byte2pixel_inst/syncreg_17/async_reg[0][0]~FF
INFO     :  mipi_rx_0/u_efx_csi2_rx/csi2_rx_top_inst/genblk3.byte2pixel_inst/user_define_8bit_int~FF
INFO     : 	Synchronizer 142: 
INFO     :  ddr3_ctl_axi/u_efx_ddr3_soft_controller/genblk1.inst_ddr3_axi/inst_efx_ddr3/top_mc/fifo_ack/popToPushGray_buffercc/buffers_0[1]~FF
INFO     :  ddr3_ctl_axi/u_efx_ddr3_soft_controller/genblk1.inst_ddr3_axi/inst_efx_ddr3/top_mc/fifo_ack/popToPushGray_buffercc_io_dataOut[1]~FF
INFO     : 	Synchronizer 143: 
INFO     :  mipi_rx_0/u_efx_csi2_rx/csi2_rx_top_inst/genblk3.byte2pixel_inst/syncreg_3/async_reg[0][0]~FF
INFO     :  mipi_rx_0/u_efx_csi2_rx/csi2_rx_top_inst/genblk3.byte2pixel_inst/RAW10_int~FF
INFO     : 	Synchronizer 144: 
INFO     :  ddr3_ctl_axi/u_efx_ddr3_soft_controller/genblk1.inst_ddr3_axi/inst_efx_ddr3/top_mc/fifo_ack/popToPushGray_buffercc/buffers_0[4]~FF
INFO     :  ddr3_ctl_axi/u_efx_ddr3_soft_controller/genblk1.inst_ddr3_axi/inst_efx_ddr3/top_mc/fifo_ack/popToPushGray_buffercc_io_dataOut[4]~FF
INFO     : 	Synchronizer 145: 
INFO     :  u_axi4_ctrl/Gen_FIFO_W32.u_W0_FIFO_32/u_efx_fifo_top/genblk2.genblk1.efx_resetsync_wr_rst/active_high.efx_resetsync_active_high/async_reg[0][0]~FF
INFO     :  u_axi4_ctrl/Gen_FIFO_W32.u_W0_FIFO_32/u_efx_fifo_top/wr_rst_int~FF
INFO     : 	Synchronizer 146: 
INFO     :  ddr3_ctl_axi/u_efx_ddr3_soft_controller/genblk1.inst_ddr3_axi/inst_efx_ddr3/top_mc/ac_fifo/pushToPopGray_buffercc/buffers_0[6]~FF
INFO     :  ddr3_ctl_axi/u_efx_ddr3_soft_controller/genblk1.inst_ddr3_axi/inst_efx_ddr3/top_mc/ac_fifo/pushToPopGray_buffercc_io_dataOut[6]~FF
INFO     : 	Synchronizer 147: 
INFO     :  ddr3_ctl_axi/u_efx_ddr3_soft_controller/genblk1.inst_ddr3_axi/inst_efx_ddr3/top_mc/fifo_rd/xefx_fifo_ctl/async_clk.xrd2wr_addr_sync/async_reg[0][5]~FF
INFO     :  ddr3_ctl_axi/u_efx_ddr3_soft_controller/genblk1.inst_ddr3_axi/inst_efx_ddr3/top_mc/fifo_rd/xefx_fifo_ctl/async_clk.raddr_cntr_gry_sync[5]~FF
INFO     : 	Synchronizer 148: 
INFO     :  u_axi4_ctrl/Gen_FIFO_W32.u_W0_FIFO_32/u_efx_fifo_top/xefx_fifo_ctl/async_clk.wr2rd_addr_sync/async_reg[0][6]~FF
INFO     :  u_axi4_ctrl/Gen_FIFO_W32.u_W0_FIFO_32/u_efx_fifo_top/xefx_fifo_ctl/async_clk.wr2rd_addr_sync/async_reg[1][6]~FF
INFO     :  u_axi4_ctrl/Gen_FIFO_W32.u_W0_FIFO_32/u_efx_fifo_top/xefx_fifo_ctl/async_clk.waddr_cntr_gry_sync[6]~FF
INFO     : 	Synchronizer 149: 
INFO     :  ddr3_ctl_axi/u_efx_ddr3_soft_controller/genblk1.inst_ddr3_axi/inst_efx_ddr3/top_mc/controller_main/bram_u0/u_efx_fifo_top/xefx_fifo_ctl/async_clk.xrd2wr_addr_sync/async_reg[0][5]~FF
INFO     :  ddr3_ctl_axi/u_efx_ddr3_soft_controller/genblk1.inst_ddr3_axi/inst_efx_ddr3/top_mc/controller_main/bram_u0/u_efx_fifo_top/xefx_fifo_ctl/async_clk.raddr_cntr_gry_sync[5]~FF
INFO     : 	Synchronizer 150: 
INFO     :  ddr3_ctl_axi/u_efx_ddr3_soft_controller/genblk1.inst_ddr3_axi/inst_efx_ddr3/top_mc/controller_main/bram_u0/u_efx_fifo_top/xefx_fifo_ctl/async_clk.xrd2wr_addr_sync/async_reg[0][4]~FF
INFO     :  ddr3_ctl_axi/u_efx_ddr3_soft_controller/genblk1.inst_ddr3_axi/inst_efx_ddr3/top_mc/controller_main/bram_u0/u_efx_fifo_top/xefx_fifo_ctl/async_clk.raddr_cntr_gry_sync[4]~FF
INFO     : 	Synchronizer 151: 
INFO     :  mipi_rx_0/u_efx_csi2_rx/csi2_rx_top_inst/genblk3.byte2pixel_inst/syncreg_4/async_reg[0][0]~FF
INFO     :  mipi_rx_0/u_efx_csi2_rx/csi2_rx_top_inst/genblk3.byte2pixel_inst/RAW12_int~FF
INFO     : 	Synchronizer 152: 
INFO     :  mipi_rx_0/u_efx_csi2_rx/csi2_rx_top_inst/genblk3.byte2pixel_inst/syncreg_5/async_reg[0][0]~FF
INFO     :  mipi_rx_0/u_efx_csi2_rx/csi2_rx_top_inst/genblk3.byte2pixel_inst/RAW14_int~FF
INFO     : 	Synchronizer 153: 
INFO     :  ddr3_ctl_axi/u_efx_ddr3_soft_controller/genblk1.inst_ddr3_axi/inst_efx_ddr3/top_mc/fifo_rdpush/popToPushGray_buffercc/buffers_0[3]~FF
INFO     :  ddr3_ctl_axi/u_efx_ddr3_soft_controller/genblk1.inst_ddr3_axi/inst_efx_ddr3/top_mc/fifo_rdpush/popToPushGray_buffercc_io_dataOut[3]~FF
INFO     : 	Synchronizer 154: 
INFO     :  ddr3_ctl_axi/u_efx_ddr3_soft_controller/genblk1.inst_ddr3_axi/inst_efx_ddr3/top_mc/fifo_rdpush/popToPushGray_buffercc/buffers_0[6]~FF
INFO     :  ddr3_ctl_axi/u_efx_ddr3_soft_controller/genblk1.inst_ddr3_axi/inst_efx_ddr3/top_mc/fifo_rdpush/popToPushGray_buffercc_io_dataOut[6]~FF
INFO     : 	Synchronizer 155: 
INFO     :  mipi_rx_0/u_efx_csi2_rx/csi2_rx_top_inst/genblk3.byte2pixel_inst/syncreg_6/async_reg[0][0]~FF
INFO     :  mipi_rx_0/u_efx_csi2_rx/csi2_rx_top_inst/genblk3.byte2pixel_inst/RAW20_int~FF
INFO     : 	Synchronizer 156: 
INFO     :  mipi_rx_0/u_efx_csi2_rx/csi2_rx_top_inst/genblk3.byte2pixel_inst/syncreg_7/async_reg[0][0]~FF
INFO     :  mipi_rx_0/u_efx_csi2_rx/csi2_rx_top_inst/genblk3.byte2pixel_inst/RGB444_int~FF
INFO     : 	Synchronizer 157: 
INFO     :  ddr3_ctl_axi/u_efx_ddr3_soft_controller/genblk1.inst_ddr3_axi/inst_efx_ddr3/top_mc/fifo_rdpush/popToPushGray_buffercc/buffers_0[5]~FF
INFO     :  ddr3_ctl_axi/u_efx_ddr3_soft_controller/genblk1.inst_ddr3_axi/inst_efx_ddr3/top_mc/fifo_rdpush/popToPushGray_buffercc_io_dataOut[5]~FF
INFO     : 	Synchronizer 158: 
INFO     :  ddr3_ctl_axi/u_efx_ddr3_soft_controller/genblk1.inst_ddr3_axi/inst_efx_ddr3/top_mc/fifo_rdpush/popToPushGray_buffercc/buffers_0[2]~FF
INFO     :  ddr3_ctl_axi/u_efx_ddr3_soft_controller/genblk1.inst_ddr3_axi/inst_efx_ddr3/top_mc/fifo_rdpush/popToPushGray_buffercc_io_dataOut[2]~FF
INFO     : 	Synchronizer 159: 
INFO     :  mipi_rx_0/u_efx_csi2_rx/csi2_rx_top_inst/genblk3.byte2pixel_inst/syncreg_11/async_reg[0][0]~FF
INFO     :  mipi_rx_0/u_efx_csi2_rx/csi2_rx_top_inst/genblk3.byte2pixel_inst/YUV_422_8_int~FF
INFO     : 	Synchronizer 160: 
INFO     :  ddr3_ctl_axi/u_efx_ddr3_soft_controller/genblk1.inst_ddr3_axi/inst_efx_ddr3/top_mc/fifo_rdpush/popToPushGray_buffercc/buffers_0[4]~FF
INFO     :  ddr3_ctl_axi/u_efx_ddr3_soft_controller/genblk1.inst_ddr3_axi/inst_efx_ddr3/top_mc/fifo_rdpush/popToPushGray_buffercc_io_dataOut[4]~FF
INFO     : 	Synchronizer 161: 
INFO     :  ddr3_ctl_axi/u_efx_ddr3_soft_controller/genblk1.inst_ddr3_axi/inst_efx_ddr3/top_mc/fifo_wr/popToPushGray_buffercc/buffers_0[3]~FF
INFO     :  ddr3_ctl_axi/u_efx_ddr3_soft_controller/genblk1.inst_ddr3_axi/inst_efx_ddr3/top_mc/fifo_wr/popToPushGray_buffercc_io_dataOut[3]~FF
INFO     : 	Synchronizer 162: 
INFO     :  ddr3_ctl_axi/u_efx_ddr3_soft_controller/genblk1.inst_ddr3_axi/inst_efx_ddr3/top_mc/controller_main/bram_u2/u_efx_fifo_top/xefx_fifo_ctl/async_clk.xrd2wr_addr_sync/async_reg[0][5]~FF
INFO     :  ddr3_ctl_axi/u_efx_ddr3_soft_controller/genblk1.inst_ddr3_axi/inst_efx_ddr3/top_mc/controller_main/bram_u2/u_efx_fifo_top/xefx_fifo_ctl/async_clk.raddr_cntr_gry_sync[5]~FF
INFO     : 	Synchronizer 163: 
INFO     :  mipi_rx_0/u_efx_csi2_rx/csi2_rx_top_inst/syncreg_2/async_reg[0][0]~FF
INFO     :  mipi_rx_0/u_efx_csi2_rx/csi2_rx_top_inst/RxStopState_sync[0]~FF
INFO     : 	Synchronizer 164: 
INFO     :  ddr3_ctl_axi/u_efx_ddr3_soft_controller/genblk1.inst_ddr3_axi/inst_efx_ddr3/top_mc/fifo_rdpush/popToPushGray_buffercc/buffers_0[1]~FF
INFO     :  ddr3_ctl_axi/u_efx_ddr3_soft_controller/genblk1.inst_ddr3_axi/inst_efx_ddr3/top_mc/fifo_rdpush/popToPushGray_buffercc_io_dataOut[1]~FF
INFO     : 	Synchronizer 165: 
INFO     :  ddr3_ctl_axi/u_efx_ddr3_soft_controller/genblk1.inst_ddr3_axi/inst_efx_ddr3/top_mc/fifo_wr/popToPushGray_buffercc/buffers_0[4]~FF
INFO     :  ddr3_ctl_axi/u_efx_ddr3_soft_controller/genblk1.inst_ddr3_axi/inst_efx_ddr3/top_mc/fifo_wr/popToPushGray_buffercc_io_dataOut[4]~FF
INFO     : 	Synchronizer 166: 
INFO     :  mipi_rx_0/u_efx_csi2_rx/csi2_rx_top_inst/genblk3.byte2pixel_inst/syncreg_13/async_reg[0][0]~FF
INFO     :  mipi_rx_0/u_efx_csi2_rx/csi2_rx_top_inst/genblk3.byte2pixel_inst/YUV_420_8_legacy_int~FF
INFO     : 	Synchronizer 167: 
INFO     :  ddr3_ctl_axi/u_efx_ddr3_soft_controller/genblk1.inst_ddr3_axi/inst_efx_ddr3/top_mc/controller_main/bram_u2/u_efx_fifo_top/xefx_fifo_ctl/async_clk.xrd2wr_addr_sync/async_reg[0][3]~FF
INFO     :  ddr3_ctl_axi/u_efx_ddr3_soft_controller/genblk1.inst_ddr3_axi/inst_efx_ddr3/top_mc/controller_main/bram_u2/u_efx_fifo_top/xefx_fifo_ctl/async_clk.raddr_cntr_gry_sync[3]~FF
INFO     : 	Synchronizer 168: 
INFO     :  mipi_rx_0/u_efx_csi2_rx/csi2_rx_top_inst/syncreg_1/async_reg[0][0]~FF
INFO     :  mipi_rx_0/u_efx_csi2_rx/csi2_rx_top_inst/ready_to_rcv_sync~FF
INFO     : 	Synchronizer 169: 
INFO     :  ddr3_ctl_axi/u_efx_ddr3_soft_controller/genblk1.inst_ddr3_axi/inst_efx_ddr3/top_mc/fifo_wr/popToPushGray_buffercc/buffers_0[6]~FF
INFO     :  ddr3_ctl_axi/u_efx_ddr3_soft_controller/genblk1.inst_ddr3_axi/inst_efx_ddr3/top_mc/fifo_wr/popToPushGray_buffercc_io_dataOut[6]~FF
INFO     : 	Synchronizer 170: 
INFO     :  mipi_rx_0/u_efx_csi2_rx/csi2_rx_top_inst/genblk3.byte2pixel_inst/syncreg_14/async_reg[0][0]~FF
INFO     :  mipi_rx_0/u_efx_csi2_rx/csi2_rx_top_inst/genblk3.byte2pixel_inst/YUV_420_8_int~FF
INFO     : 	Synchronizer 171: 
INFO     :  ddr3_ctl_axi/u_efx_ddr3_soft_controller/genblk1.inst_ddr3_axi/inst_efx_ddr3/top_mc/controller_main/bram_u2/u_efx_fifo_top/xefx_fifo_ctl/async_clk.xrd2wr_addr_sync/async_reg[0][0]~FF
INFO     :  ddr3_ctl_axi/u_efx_ddr3_soft_controller/genblk1.inst_ddr3_axi/inst_efx_ddr3/top_mc/controller_main/bram_u2/u_efx_fifo_top/xefx_fifo_ctl/async_clk.raddr_cntr_gry_sync[0]~FF
INFO     : 	Synchronizer 172: 
INFO     :  ddr3_ctl_axi/u_efx_ddr3_soft_controller/genblk1.inst_ddr3_axi/inst_efx_ddr3/top_mc/controller_main/bram_u2/u_efx_fifo_top/xefx_fifo_ctl/async_clk.xrd2wr_addr_sync/async_reg[0][2]~FF
INFO     :  ddr3_ctl_axi/u_efx_ddr3_soft_controller/genblk1.inst_ddr3_axi/inst_efx_ddr3/top_mc/controller_main/bram_u2/u_efx_fifo_top/xefx_fifo_ctl/async_clk.raddr_cntr_gry_sync[2]~FF
INFO     : 	Synchronizer 173: 
INFO     :  mipi_rx_0/u_efx_csi2_rx/csi2_rx_top_inst/genblk3.byte2pixel_inst/syncreg_15/async_reg[0][0]~FF
INFO     :  mipi_rx_0/u_efx_csi2_rx/csi2_rx_top_inst/genblk3.byte2pixel_inst/YUV_420_10_int~FF
INFO     : 	Synchronizer 174: 
INFO     :  ddr3_ctl_axi/u_efx_ddr3_soft_controller/genblk1.inst_ddr3_axi/inst_efx_ddr3/top_mc/fifo_rdpush/pushToPopGray_buffercc/buffers_0[0]~FF
INFO     :  ddr3_ctl_axi/u_efx_ddr3_soft_controller/genblk1.inst_ddr3_axi/inst_efx_ddr3/top_mc/fifo_rdpush/pushToPopGray_buffercc_io_dataOut[0]~FF
INFO     : 	Synchronizer 175: 
INFO     :  mipi_rx_0/u_efx_csi2_rx/csi2_rx_top_inst/genblk3.byte2pixel_inst/syncreg_16/async_reg[0][0]~FF
INFO     :  mipi_rx_0/u_efx_csi2_rx/csi2_rx_top_inst/genblk3.byte2pixel_inst/gen_long_pkt_int~FF
INFO     : 	Synchronizer 176: 
INFO     :  ddr3_ctl_axi/u_efx_ddr3_soft_controller/genblk1.inst_ddr3_axi/inst_efx_ddr3/top_mc/controller_main/bram_u0/u_efx_fifo_top/xefx_fifo_ctl/async_clk.xrd2wr_addr_sync/async_reg[0][1]~FF
INFO     :  ddr3_ctl_axi/u_efx_ddr3_soft_controller/genblk1.inst_ddr3_axi/inst_efx_ddr3/top_mc/controller_main/bram_u0/u_efx_fifo_top/xefx_fifo_ctl/async_clk.raddr_cntr_gry_sync[1]~FF
INFO     : 	Synchronizer 177: 
INFO     :  ddr3_ctl_axi/u_efx_ddr3_soft_controller/genblk1.inst_ddr3_axi/inst_efx_ddr3/top_mc/controller_main/bram_u0/u_efx_fifo_top/xefx_fifo_ctl/async_clk.xrd2wr_addr_sync/async_reg[0][6]~FF
INFO     :  ddr3_ctl_axi/u_efx_ddr3_soft_controller/genblk1.inst_ddr3_axi/inst_efx_ddr3/top_mc/controller_main/bram_u0/u_efx_fifo_top/xefx_fifo_ctl/async_clk.raddr_cntr_gry_sync[6]~FF
INFO     : 	Synchronizer 178: 
INFO     :  u1_i2c_timing_ctrl_16bit/u_afifo_w24d16_r24d16/u_efx_fifo_top/xefx_fifo_ctl/async_clk.wr2rd_addr_sync/async_reg[0][4]~FF
INFO     :  u1_i2c_timing_ctrl_16bit/u_afifo_w24d16_r24d16/u_efx_fifo_top/xefx_fifo_ctl/async_clk.waddr_cntr_gry_sync[4]~FF
INFO     : 	Synchronizer 179: 
INFO     :  ddr3_ctl_axi/u_efx_ddr3_soft_controller/genblk1.inst_ddr3_axi/inst_efx_ddr3/top_mc/controller_main/bram_u0/u_efx_fifo_top/xefx_fifo_ctl/async_clk.wr2rd_addr_sync/async_reg[0][5]~FF
INFO     :  ddr3_ctl_axi/u_efx_ddr3_soft_controller/genblk1.inst_ddr3_axi/inst_efx_ddr3/top_mc/controller_main/bram_u0/u_efx_fifo_top/xefx_fifo_ctl/async_clk.waddr_cntr_gry_sync[5]~FF
INFO     : 	Synchronizer 180: 
INFO     :  u1_i2c_timing_ctrl_16bit/u_afifo_w24d16_r24d16/u_efx_fifo_top/xefx_fifo_ctl/async_clk.wr2rd_addr_sync/async_reg[0][3]~FF
INFO     :  u1_i2c_timing_ctrl_16bit/u_afifo_w24d16_r24d16/u_efx_fifo_top/xefx_fifo_ctl/async_clk.waddr_cntr_gry_sync[3]~FF
INFO     : 	Synchronizer 181: 
INFO     :  ddr3_ctl_axi/u_efx_ddr3_soft_controller/genblk1.inst_ddr3_axi/inst_efx_ddr3/top_mc/controller_main/bram_u0/u_efx_fifo_top/xefx_fifo_ctl/async_clk.wr2rd_addr_sync/async_reg[0][4]~FF
INFO     :  ddr3_ctl_axi/u_efx_ddr3_soft_controller/genblk1.inst_ddr3_axi/inst_efx_ddr3/top_mc/controller_main/bram_u0/u_efx_fifo_top/xefx_fifo_ctl/async_clk.waddr_cntr_gry_sync[4]~FF
INFO     : 	Synchronizer 182: 
INFO     :  u1_i2c_timing_ctrl_16bit/u_afifo_w24d16_r24d16/u_efx_fifo_top/xefx_fifo_ctl/async_clk.wr2rd_addr_sync/async_reg[0][0]~FF
INFO     :  u1_i2c_timing_ctrl_16bit/u_afifo_w24d16_r24d16/u_efx_fifo_top/xefx_fifo_ctl/async_clk.waddr_cntr_gry_sync[0]~FF
INFO     : 	Synchronizer 183: 
INFO     :  ddr3_ctl_axi/u_efx_ddr3_soft_controller/genblk1.inst_ddr3_axi/inst_efx_ddr3/top_mc/controller_main/bram_u0/u_efx_fifo_top/xefx_fifo_ctl/async_clk.wr2rd_addr_sync/async_reg[0][3]~FF
INFO     :  ddr3_ctl_axi/u_efx_ddr3_soft_controller/genblk1.inst_ddr3_axi/inst_efx_ddr3/top_mc/controller_main/bram_u0/u_efx_fifo_top/xefx_fifo_ctl/async_clk.waddr_cntr_gry_sync[3]~FF
INFO     : 	Synchronizer 184: 
INFO     :  u1_i2c_timing_ctrl_16bit/u_afifo_w24d16_r24d16/u_efx_fifo_top/xefx_fifo_ctl/async_clk.wr2rd_addr_sync/async_reg[0][2]~FF
INFO     :  u1_i2c_timing_ctrl_16bit/u_afifo_w24d16_r24d16/u_efx_fifo_top/xefx_fifo_ctl/async_clk.waddr_cntr_gry_sync[2]~FF
INFO     : 	Synchronizer 185: 
INFO     :  ddr3_ctl_axi/u_efx_ddr3_soft_controller/genblk1.inst_ddr3_axi/inst_efx_ddr3/top_mc/controller_main/bram_u0/u_efx_fifo_top/xefx_fifo_ctl/async_clk.wr2rd_addr_sync/async_reg[0][0]~FF
INFO     :  ddr3_ctl_axi/u_efx_ddr3_soft_controller/genblk1.inst_ddr3_axi/inst_efx_ddr3/top_mc/controller_main/bram_u0/u_efx_fifo_top/xefx_fifo_ctl/async_clk.waddr_cntr_gry_sync[0]~FF
INFO     : 	Synchronizer 186: 
INFO     :  ddr3_ctl_axi/u_efx_ddr3_soft_controller/genblk1.inst_ddr3_axi/inst_efx_ddr3/top_mc/controller_main/bram_u0/u_efx_fifo_top/xefx_fifo_ctl/async_clk.wr2rd_addr_sync/async_reg[0][2]~FF
INFO     :  ddr3_ctl_axi/u_efx_ddr3_soft_controller/genblk1.inst_ddr3_axi/inst_efx_ddr3/top_mc/controller_main/bram_u0/u_efx_fifo_top/xefx_fifo_ctl/async_clk.waddr_cntr_gry_sync[2]~FF
INFO     : 	Synchronizer 187: 
INFO     :  u1_i2c_timing_ctrl_16bit/u_afifo_w24d16_r24d16/u_efx_fifo_top/xefx_fifo_ctl/async_clk.wr2rd_addr_sync/async_reg[0][1]~FF
INFO     :  u1_i2c_timing_ctrl_16bit/u_afifo_w24d16_r24d16/u_efx_fifo_top/xefx_fifo_ctl/async_clk.waddr_cntr_gry_sync[1]~FF
INFO     : 	Synchronizer 188: 
INFO     :  ddr3_ctl_axi/u_efx_ddr3_soft_controller/genblk1.inst_ddr3_axi/inst_efx_ddr3/top_mc/controller_main/bram_u0/u_efx_fifo_top/xefx_fifo_ctl/async_clk.wr2rd_addr_sync/async_reg[0][1]~FF
INFO     :  ddr3_ctl_axi/u_efx_ddr3_soft_controller/genblk1.inst_ddr3_axi/inst_efx_ddr3/top_mc/controller_main/bram_u0/u_efx_fifo_top/xefx_fifo_ctl/async_clk.waddr_cntr_gry_sync[1]~FF
INFO     : 	Synchronizer 189: 
INFO     :  ddr3_ctl_axi/u_efx_ddr3_soft_controller/genblk1.inst_ddr3_axi/inst_efx_ddr3/top_mc/controller_main/bram_u0/u_efx_fifo_top/xefx_fifo_ctl/async_clk.wr2rd_addr_sync/async_reg[0][6]~FF
INFO     :  ddr3_ctl_axi/u_efx_ddr3_soft_controller/genblk1.inst_ddr3_axi/inst_efx_ddr3/top_mc/controller_main/bram_u0/u_efx_fifo_top/xefx_fifo_ctl/async_clk.waddr_cntr_gry_sync[6]~FF
INFO     : 	Synchronizer 190: 
INFO     :  ddr3_ctl_axi/u_efx_ddr3_soft_controller/genblk1.inst_ddr3_axi/inst_efx_ddr3/top_mc/fifo_wr/pushToPopGray_buffercc/buffers_0[5]~FF
INFO     :  ddr3_ctl_axi/u_efx_ddr3_soft_controller/genblk1.inst_ddr3_axi/inst_efx_ddr3/top_mc/fifo_wr/pushToPopGray_buffercc_io_dataOut[5]~FF
INFO     : 	Synchronizer 191: 
INFO     :  mipi_rx_0/u_efx_csi2_rx/csi2_rx_top_inst/genblk3.byte2pixel_inst/syncreg_23/async_reg[0][0]~FF
INFO     :  w_csi_rx_vsync0~FF
INFO     : 	Synchronizer 192: 
INFO     :  u_i2c_timing_ctrl_16bit/u_afifo_w24d16_r24d16/u_efx_fifo_top/genblk2.genblk1.efx_resetsync_rd_rst/active_high.efx_resetsync_active_high/async_reg[0][0]~FF
INFO     :  u_i2c_timing_ctrl_16bit/u_afifo_w24d16_r24d16/u_efx_fifo_top/rd_rst_int~FF
INFO     : 	Synchronizer 193: 
INFO     :  mipi_rx_0/u_efx_csi2_rx/csi2_rx_top_inst/genblk2.lane_aligner_inst/genblk1[0].u1_inst/genblk2.efx_resetsync_a_rst/active_high.efx_resetsync_active_high/async_reg[0][0]~FF
INFO     :  mipi_rx_0/u_efx_csi2_rx/csi2_rx_top_inst/genblk2.lane_aligner_inst/genblk1[0].u1_inst/genblk2.a_rst~FF
INFO     : 	Synchronizer 194: 
INFO     :  mipi_rx_0/u_efx_csi2_rx/csi2_rx_top_inst/genblk3.byte2pixel_inst/syncreg_0/async_reg[0][0]~FF
INFO     :  mipi_rx_0/u_efx_csi2_rx/csi2_rx_top_inst/genblk3.byte2pixel_inst/RAW6_int~FF
INFO     : 	Synchronizer 195: 
INFO     :  mipi_rx_0/u_efx_csi2_rx/csi2_rx_top_inst/genblk3.byte2pixel_inst/syncreg_1/async_reg[0][0]~FF
INFO     :  mipi_rx_0/u_efx_csi2_rx/csi2_rx_top_inst/genblk3.byte2pixel_inst/RAW7_int~FF
INFO     : 	Synchronizer 196: 
INFO     :  mipi_rx_0/u_efx_csi2_rx/csi2_rx_top_inst/genblk3.byte2pixel_inst/syncreg_8/async_reg[0][0]~FF
INFO     :  mipi_rx_0/u_efx_csi2_rx/csi2_rx_top_inst/genblk3.byte2pixel_inst/RGB555_int~FF
INFO     : 	Synchronizer 197: 
INFO     :  mipi_rx_0/u_efx_csi2_rx/csi2_rx_top_inst/genblk3.byte2pixel_inst/syncreg_9/async_reg[0][0]~FF
INFO     :  mipi_rx_0/u_efx_csi2_rx/csi2_rx_top_inst/genblk3.byte2pixel_inst/RGB565_int~FF
INFO     : 	Synchronizer 198: 
INFO     :  ddr3_ctl_axi/u_efx_ddr3_soft_controller/genblk1.inst_ddr3_axi/inst_efx_ddr3/top_mc/fifo_wr/popToPushGray_buffercc/buffers_0[0]~FF
INFO     :  ddr3_ctl_axi/u_efx_ddr3_soft_controller/genblk1.inst_ddr3_axi/inst_efx_ddr3/top_mc/fifo_wr/popToPushGray_buffercc_io_dataOut[0]~FF
INFO     : 	Synchronizer 199: 
INFO     :  mipi_rx_0/u_efx_csi2_rx/csi2_rx_top_inst/genblk3.byte2pixel_inst/syncreg_10/async_reg[0][0]~FF
INFO     :  mipi_rx_0/u_efx_csi2_rx/csi2_rx_top_inst/genblk3.byte2pixel_inst/RGB888_int~FF
INFO     : 	Synchronizer 200: 
INFO     :  ddr3_ctl_axi/u_efx_ddr3_soft_controller/genblk1.inst_ddr3_axi/inst_efx_ddr3/top_mc/fifo_wr/popToPushGray_buffercc/buffers_0[1]~FF
INFO     :  ddr3_ctl_axi/u_efx_ddr3_soft_controller/genblk1.inst_ddr3_axi/inst_efx_ddr3/top_mc/fifo_wr/popToPushGray_buffercc_io_dataOut[1]~FF
INFO     : 	Synchronizer 201: 
INFO     :  ddr3_ctl_axi/u_efx_ddr3_soft_controller/genblk1.inst_ddr3_axi/inst_efx_ddr3/top_mc/fifo_wr/popToPushGray_buffercc/buffers_0[2]~FF
INFO     :  ddr3_ctl_axi/u_efx_ddr3_soft_controller/genblk1.inst_ddr3_axi/inst_efx_ddr3/top_mc/fifo_wr/popToPushGray_buffercc_io_dataOut[2]~FF
INFO     : 	Synchronizer 202: 
INFO     :  mipi_rx_0/u_efx_csi2_rx/csi2_rx_top_inst/genblk3.byte2pixel_inst/syncreg_12/async_reg[0][0]~FF
INFO     :  mipi_rx_0/u_efx_csi2_rx/csi2_rx_top_inst/genblk3.byte2pixel_inst/YUV_422_10_int~FF
INFO     : 	Synchronizer 203: 
INFO     :  ddr3_ctl_axi/u_efx_ddr3_soft_controller/genblk1.inst_ddr3_axi/inst_efx_ddr3/top_mc/fifo_wr/popToPushGray_buffercc/buffers_0[5]~FF
INFO     :  ddr3_ctl_axi/u_efx_ddr3_soft_controller/genblk1.inst_ddr3_axi/inst_efx_ddr3/top_mc/fifo_wr/popToPushGray_buffercc_io_dataOut[5]~FF
INFO     : 	Synchronizer 204: 
INFO     :  ddr3_ctl_axi/u_efx_ddr3_soft_controller/genblk1.inst_ddr3_axi/inst_efx_ddr3/top_mc/fifo_wr/pushToPopGray_buffercc/buffers_0[6]~FF
INFO     :  ddr3_ctl_axi/u_efx_ddr3_soft_controller/genblk1.inst_ddr3_axi/inst_efx_ddr3/top_mc/fifo_wr/pushToPopGray_buffercc_io_dataOut[6]~FF
INFO     : 	Synchronizer 205: 
INFO     :  mipi_rx_0/u_efx_csi2_rx/csi2_rx_top_inst/genblk3.byte2pixel_inst/syncreg_24/async_reg[0][0]~FF
INFO     :  mipi_rx_0/u_efx_csi2_rx/csi2_rx_top_inst/genblk3.byte2pixel_inst/RAW16_int~FF
INFO     : 	Synchronizer 206: 
INFO     :  mipi_rx_0/u_efx_csi2_rx/csi2_rx_top_inst/genblk3.byte2pixel_inst/syncreg_25/async_reg[0][0]~FF
INFO     :  mipi_rx_0/u_efx_csi2_rx/csi2_rx_top_inst/genblk3.byte2pixel_inst/RAW24_int~FF
INFO     : 	Synchronizer 207: 
INFO     :  mipi_rx_0/u_efx_csi2_rx/csi2_rx_top_inst/genblk3.byte2pixel_inst/syncreg_26/async_reg[0][0]~FF
INFO     :  mipi_rx_0/u_efx_csi2_rx/csi2_rx_top_inst/genblk3.byte2pixel_inst/RAW28_int~FF
INFO     : 	Synchronizer 208: 
INFO     :  mipi_rx_0/u_efx_csi2_rx/csi2_rx_top_inst/genblk3.byte2pixel_inst/u1_inst/genblk2.genblk1.efx_resetsync_rd_rst/active_high.efx_resetsync_active_high/async_reg[0][0]~FF
INFO     :  mipi_rx_0/u_efx_csi2_rx/csi2_rx_top_inst/genblk3.byte2pixel_inst/u1_inst/rd_rst_int~FF
INFO     : 	Synchronizer 209: 
INFO     :  mipi_rx_0/u_efx_csi2_rx/csi2_rx_top_inst/genblk3.byte2pixel_inst/u1_inst/genblk2.genblk1.efx_resetsync_wr_rst/active_high.efx_resetsync_active_high/async_reg[0][0]~FF
INFO     :  mipi_rx_0/u_efx_csi2_rx/csi2_rx_top_inst/genblk3.byte2pixel_inst/u1_inst/wr_rst_int~FF
INFO     : 	Synchronizer 210: 
INFO     :  mipi_rx_0/u_efx_csi2_rx/csi2_rx_top_inst/genblk3.byte2pixel_inst/u1_inst/xefx_fifo_ctl/async_clk.xrd2wr_addr_sync/async_reg[0][5]~FF
INFO     :  mipi_rx_0/u_efx_csi2_rx/csi2_rx_top_inst/genblk3.byte2pixel_inst/u1_inst/xefx_fifo_ctl/async_clk.raddr_cntr_gry_sync[5]~FF
INFO     : 	Synchronizer 211: 
INFO     :  mipi_rx_0/u_efx_csi2_rx/csi2_rx_top_inst/genblk3.byte2pixel_inst/u1_inst/xefx_fifo_ctl/async_clk.xrd2wr_addr_sync/async_reg[0][4]~FF
INFO     :  mipi_rx_0/u_efx_csi2_rx/csi2_rx_top_inst/genblk3.byte2pixel_inst/u1_inst/xefx_fifo_ctl/async_clk.raddr_cntr_gry_sync[4]~FF
INFO     : 	Synchronizer 212: 
INFO     :  mipi_rx_0/u_efx_csi2_rx/csi2_rx_top_inst/genblk3.byte2pixel_inst/u1_inst/xefx_fifo_ctl/async_clk.xrd2wr_addr_sync/async_reg[0][3]~FF
INFO     :  mipi_rx_0/u_efx_csi2_rx/csi2_rx_top_inst/genblk3.byte2pixel_inst/u1_inst/xefx_fifo_ctl/async_clk.raddr_cntr_gry_sync[3]~FF
INFO     : 	Synchronizer 213: 
INFO     :  mipi_rx_0/u_efx_csi2_rx/csi2_rx_top_inst/genblk3.byte2pixel_inst/u1_inst/xefx_fifo_ctl/async_clk.xrd2wr_addr_sync/async_reg[0][0]~FF
INFO     :  mipi_rx_0/u_efx_csi2_rx/csi2_rx_top_inst/genblk3.byte2pixel_inst/u1_inst/xefx_fifo_ctl/async_clk.raddr_cntr_gry_sync[0]~FF
INFO     : 	Synchronizer 214: 
INFO     :  mipi_rx_0/u_efx_csi2_rx/csi2_rx_top_inst/genblk3.byte2pixel_inst/u1_inst/xefx_fifo_ctl/async_clk.xrd2wr_addr_sync/async_reg[0][2]~FF
INFO     :  mipi_rx_0/u_efx_csi2_rx/csi2_rx_top_inst/genblk3.byte2pixel_inst/u1_inst/xefx_fifo_ctl/async_clk.raddr_cntr_gry_sync[2]~FF
INFO     : 	Synchronizer 215: 
INFO     :  mipi_rx_0/u_efx_csi2_rx/csi2_rx_top_inst/genblk3.byte2pixel_inst/u1_inst/xefx_fifo_ctl/async_clk.xrd2wr_addr_sync/async_reg[0][7]~FF
INFO     :  mipi_rx_0/u_efx_csi2_rx/csi2_rx_top_inst/genblk3.byte2pixel_inst/u1_inst/xefx_fifo_ctl/async_clk.raddr_cntr_gry_sync[7]~FF
INFO     : 	Synchronizer 216: 
INFO     :  mipi_rx_0/u_efx_csi2_rx/csi2_rx_top_inst/genblk3.byte2pixel_inst/u1_inst/xefx_fifo_ctl/async_clk.xrd2wr_addr_sync/async_reg[0][8]~FF
INFO     :  mipi_rx_0/u_efx_csi2_rx/csi2_rx_top_inst/genblk3.byte2pixel_inst/u1_inst/xefx_fifo_ctl/async_clk.raddr_cntr_gry_sync[8]~FF
INFO     : 	Synchronizer 217: 
INFO     :  mipi_rx_0/u_efx_csi2_rx/csi2_rx_top_inst/genblk3.byte2pixel_inst/u1_inst/xefx_fifo_ctl/async_clk.xrd2wr_addr_sync/async_reg[0][9]~FF
INFO     :  mipi_rx_0/u_efx_csi2_rx/csi2_rx_top_inst/genblk3.byte2pixel_inst/u1_inst/xefx_fifo_ctl/async_clk.raddr_cntr_gry_sync[9]~FF
INFO     : 	Synchronizer 218: 
INFO     :  mipi_rx_0/u_efx_csi2_rx/csi2_rx_top_inst/genblk3.byte2pixel_inst/u1_inst/xefx_fifo_ctl/async_clk.xrd2wr_addr_sync/async_reg[0][10]~FF
INFO     :  mipi_rx_0/u_efx_csi2_rx/csi2_rx_top_inst/genblk3.byte2pixel_inst/u1_inst/xefx_fifo_ctl/async_clk.raddr_cntr_gry_sync[10]~FF
INFO     : 	Synchronizer 219: 
INFO     :  mipi_rx_0/u_efx_csi2_rx/csi2_rx_top_inst/genblk3.byte2pixel_inst/u1_inst/xefx_fifo_ctl/async_clk.xrd2wr_addr_sync/async_reg[0][1]~FF
INFO     :  mipi_rx_0/u_efx_csi2_rx/csi2_rx_top_inst/genblk3.byte2pixel_inst/u1_inst/xefx_fifo_ctl/async_clk.raddr_cntr_gry_sync[1]~FF
INFO     : 	Synchronizer 220: 
INFO     :  mipi_rx_0/u_efx_csi2_rx/csi2_rx_top_inst/genblk3.byte2pixel_inst/u1_inst/xefx_fifo_ctl/async_clk.xrd2wr_addr_sync/async_reg[0][6]~FF
INFO     :  mipi_rx_0/u_efx_csi2_rx/csi2_rx_top_inst/genblk3.byte2pixel_inst/u1_inst/xefx_fifo_ctl/async_clk.raddr_cntr_gry_sync[6]~FF
INFO     : 	Synchronizer 221: 
INFO     :  mipi_rx_0/u_efx_csi2_rx/csi2_rx_top_inst/genblk3.byte2pixel_inst/u1_inst/xefx_fifo_ctl/async_clk.wr2rd_addr_sync/async_reg[0][5]~FF
INFO     :  mipi_rx_0/u_efx_csi2_rx/csi2_rx_top_inst/genblk3.byte2pixel_inst/u1_inst/xefx_fifo_ctl/async_clk.waddr_cntr_gry_sync[5]~FF
INFO     : 	Synchronizer 222: 
INFO     :  mipi_rx_0/u_efx_csi2_rx/csi2_rx_top_inst/genblk3.byte2pixel_inst/u1_inst/xefx_fifo_ctl/async_clk.wr2rd_addr_sync/async_reg[0][4]~FF
INFO     :  mipi_rx_0/u_efx_csi2_rx/csi2_rx_top_inst/genblk3.byte2pixel_inst/u1_inst/xefx_fifo_ctl/async_clk.waddr_cntr_gry_sync[4]~FF
INFO     : 	Synchronizer 223: 
INFO     :  mipi_rx_0/u_efx_csi2_rx/csi2_rx_top_inst/genblk3.byte2pixel_inst/u1_inst/xefx_fifo_ctl/async_clk.wr2rd_addr_sync/async_reg[0][3]~FF
INFO     :  mipi_rx_0/u_efx_csi2_rx/csi2_rx_top_inst/genblk3.byte2pixel_inst/u1_inst/xefx_fifo_ctl/async_clk.waddr_cntr_gry_sync[3]~FF
INFO     : 	Synchronizer 224: 
INFO     :  mipi_rx_0/u_efx_csi2_rx/csi2_rx_top_inst/genblk3.byte2pixel_inst/u1_inst/xefx_fifo_ctl/async_clk.wr2rd_addr_sync/async_reg[0][0]~FF
INFO     :  mipi_rx_0/u_efx_csi2_rx/csi2_rx_top_inst/genblk3.byte2pixel_inst/u1_inst/xefx_fifo_ctl/async_clk.waddr_cntr_gry_sync[0]~FF
INFO     : 	Synchronizer 225: 
INFO     :  mipi_rx_0/u_efx_csi2_rx/csi2_rx_top_inst/genblk3.byte2pixel_inst/u1_inst/xefx_fifo_ctl/async_clk.wr2rd_addr_sync/async_reg[0][2]~FF
INFO     :  mipi_rx_0/u_efx_csi2_rx/csi2_rx_top_inst/genblk3.byte2pixel_inst/u1_inst/xefx_fifo_ctl/async_clk.waddr_cntr_gry_sync[2]~FF
INFO     : 	Synchronizer 226: 
INFO     :  mipi_rx_0/u_efx_csi2_rx/csi2_rx_top_inst/genblk3.byte2pixel_inst/u1_inst/xefx_fifo_ctl/async_clk.wr2rd_addr_sync/async_reg[0][7]~FF
INFO     :  mipi_rx_0/u_efx_csi2_rx/csi2_rx_top_inst/genblk3.byte2pixel_inst/u1_inst/xefx_fifo_ctl/async_clk.waddr_cntr_gry_sync[7]~FF
INFO     : 	Synchronizer 227: 
INFO     :  mipi_rx_0/u_efx_csi2_rx/csi2_rx_top_inst/genblk3.byte2pixel_inst/u1_inst/xefx_fifo_ctl/async_clk.wr2rd_addr_sync/async_reg[0][8]~FF
INFO     :  mipi_rx_0/u_efx_csi2_rx/csi2_rx_top_inst/genblk3.byte2pixel_inst/u1_inst/xefx_fifo_ctl/async_clk.waddr_cntr_gry_sync[8]~FF
INFO     : 	Synchronizer 228: 
INFO     :  mipi_rx_0/u_efx_csi2_rx/csi2_rx_top_inst/genblk3.byte2pixel_inst/u1_inst/xefx_fifo_ctl/async_clk.wr2rd_addr_sync/async_reg[0][9]~FF
INFO     :  mipi_rx_0/u_efx_csi2_rx/csi2_rx_top_inst/genblk3.byte2pixel_inst/u1_inst/xefx_fifo_ctl/async_clk.waddr_cntr_gry_sync[9]~FF
INFO     : 	Synchronizer 229: 
INFO     :  ddr3_ctl_axi/u_efx_ddr3_soft_controller/genblk1.inst_ddr3_axi/inst_efx_ddr3/top_mc/controller_main/bram_u2/u_efx_fifo_top/xefx_fifo_ctl/async_clk.wr2rd_addr_sync/async_reg[0][1]~FF
INFO     :  ddr3_ctl_axi/u_efx_ddr3_soft_controller/genblk1.inst_ddr3_axi/inst_efx_ddr3/top_mc/controller_main/bram_u2/u_efx_fifo_top/xefx_fifo_ctl/async_clk.waddr_cntr_gry_sync[1]~FF
INFO     : 	Synchronizer 230: 
INFO     :  u_afifo_w32r8_reshape/u_efx_fifo_top/xefx_fifo_ctl/async_clk.wr2rd_addr_sync/async_reg[0][5]~FF
INFO     :  u_afifo_w32r8_reshape/u_efx_fifo_top/xefx_fifo_ctl/async_clk.waddr_cntr_gry_sync[5]~FF
INFO     : 	Synchronizer 231: 
INFO     :  ddr3_ctl_axi/u_efx_ddr3_soft_controller/genblk1.inst_ddr3_axi/inst_efx_ddr3/top_mc/controller_main/bram_u2/u_efx_fifo_top/xefx_fifo_ctl/async_clk.wr2rd_addr_sync/async_reg[0][6]~FF
INFO     :  ddr3_ctl_axi/u_efx_ddr3_soft_controller/genblk1.inst_ddr3_axi/inst_efx_ddr3/top_mc/controller_main/bram_u2/u_efx_fifo_top/xefx_fifo_ctl/async_clk.waddr_cntr_gry_sync[6]~FF
INFO     : 	Synchronizer 232: 
INFO     :  u_afifo_w32r8_reshape/u_efx_fifo_top/xefx_fifo_ctl/async_clk.wr2rd_addr_sync/async_reg[0][4]~FF
INFO     :  u_afifo_w32r8_reshape/u_efx_fifo_top/xefx_fifo_ctl/async_clk.waddr_cntr_gry_sync[4]~FF
INFO     : 	Synchronizer 233: 
INFO     :  u_afifo_w32r8_reshape/u_efx_fifo_top/xefx_fifo_ctl/async_clk.wr2rd_addr_sync/async_reg[0][3]~FF
INFO     :  u_afifo_w32r8_reshape/u_efx_fifo_top/xefx_fifo_ctl/async_clk.waddr_cntr_gry_sync[3]~FF
INFO     : 	Synchronizer 234: 
INFO     :  u_axi4_ctrl/Gen_FIFO_W32.u_W0_FIFO_32/u_efx_fifo_top/xefx_fifo_ctl/async_clk.wr2rd_addr_sync/async_reg[0][7]~FF
INFO     :  u_axi4_ctrl/Gen_FIFO_W32.u_W0_FIFO_32/u_efx_fifo_top/xefx_fifo_ctl/async_clk.wr2rd_addr_sync/async_reg[1][7]~FF
INFO     :  u_axi4_ctrl/Gen_FIFO_W32.u_W0_FIFO_32/u_efx_fifo_top/xefx_fifo_ctl/async_clk.waddr_cntr_gry_sync[7]~FF
INFO     : 	Synchronizer 235: 
INFO     :  u_afifo_w32r8_reshape/u_efx_fifo_top/xefx_fifo_ctl/async_clk.wr2rd_addr_sync/async_reg[0][0]~FF
INFO     :  u_afifo_w32r8_reshape/u_efx_fifo_top/xefx_fifo_ctl/async_clk.waddr_cntr_gry_sync[0]~FF
INFO     : 	Synchronizer 236: 
INFO     :  u_afifo_w32r8_reshape/u_efx_fifo_top/xefx_fifo_ctl/async_clk.wr2rd_addr_sync/async_reg[0][2]~FF
INFO     :  u_afifo_w32r8_reshape/u_efx_fifo_top/xefx_fifo_ctl/async_clk.waddr_cntr_gry_sync[2]~FF
INFO     : 	Synchronizer 237: 
INFO     :  u_afifo_w32r8_reshape/u_efx_fifo_top/xefx_fifo_ctl/async_clk.wr2rd_addr_sync/async_reg[0][7]~FF
INFO     :  u_afifo_w32r8_reshape/u_efx_fifo_top/xefx_fifo_ctl/async_clk.waddr_cntr_gry_sync[7]~FF
INFO     : 	Synchronizer 238: 
INFO     :  u_afifo_w32r8_reshape/u_efx_fifo_top/xefx_fifo_ctl/async_clk.wr2rd_addr_sync/async_reg[0][8]~FF
INFO     :  u_afifo_w32r8_reshape/u_efx_fifo_top/xefx_fifo_ctl/async_clk.waddr_cntr_gry_sync[8]~FF
INFO     : 	Synchronizer 239: 
INFO     :  u_axi4_ctrl/Gen_RFIFO_32.u_R0_FIFO_32/u_efx_fifo_top/genblk2.genblk1.efx_resetsync_rd_rst/active_high.efx_resetsync_active_high/async_reg[0][0]~FF
INFO     :  u_axi4_ctrl/Gen_RFIFO_32.u_R0_FIFO_32/u_efx_fifo_top/rd_rst_int~FF
INFO     : 	Synchronizer 240: 
INFO     :  u_afifo_w32r8_reshape/u_efx_fifo_top/xefx_fifo_ctl/async_clk.wr2rd_addr_sync/async_reg[0][9]~FF
INFO     :  u_afifo_w32r8_reshape/u_efx_fifo_top/xefx_fifo_ctl/async_clk.waddr_cntr_gry_sync[9]~FF
INFO     : 	Synchronizer 241: 
INFO     :  u_axi4_ctrl/Gen_RFIFO_32.u_R0_FIFO_32/u_efx_fifo_top/genblk2.genblk1.efx_resetsync_wr_rst/active_high.efx_resetsync_active_high/async_reg[0][0]~FF
INFO     :  u_axi4_ctrl/Gen_RFIFO_32.u_R0_FIFO_32/u_efx_fifo_top/wr_rst_int~FF
INFO     : 	Synchronizer 242: 
INFO     :  u_afifo_w32r8_reshape/u_efx_fifo_top/xefx_fifo_ctl/async_clk.wr2rd_addr_sync/async_reg[0][11]~FF
INFO     :  u_afifo_w32r8_reshape/u_efx_fifo_top/xefx_fifo_ctl/async_clk.waddr_cntr_gry_sync[11]~FF
INFO     : 	Synchronizer 243: 
INFO     :  u_afifo_w32r8_reshape/u_efx_fifo_top/xefx_fifo_ctl/async_clk.wr2rd_addr_sync/async_reg[0][12]~FF
INFO     :  u_afifo_w32r8_reshape/u_efx_fifo_top/xefx_fifo_ctl/async_clk.waddr_cntr_gry_sync[12]~FF
INFO     : 	Synchronizer 244: 
INFO     :  u_afifo_w32r8_reshape/u_efx_fifo_top/xefx_fifo_ctl/async_clk.wr2rd_addr_sync/async_reg[0][1]~FF
INFO     :  u_afifo_w32r8_reshape/u_efx_fifo_top/xefx_fifo_ctl/async_clk.waddr_cntr_gry_sync[1]~FF
INFO     : 	Synchronizer 245: 
INFO     :  u1_i2c_timing_ctrl_16bit/u_afifo_w24d16_r24d16/u_efx_fifo_top/genblk2.genblk1.efx_resetsync_rd_rst/active_high.efx_resetsync_active_high/async_reg[0][0]~FF
INFO     :  u1_i2c_timing_ctrl_16bit/u_afifo_w24d16_r24d16/u_efx_fifo_top/rd_rst_int~FF
INFO     : 	Synchronizer 246: 
INFO     :  u1_i2c_timing_ctrl_16bit/u_afifo_w24d16_r24d16/u_efx_fifo_top/genblk2.genblk1.efx_resetsync_wr_rst/active_high.efx_resetsync_active_high/async_reg[0][0]~FF
INFO     :  u1_i2c_timing_ctrl_16bit/u_afifo_w24d16_r24d16/u_efx_fifo_top/wr_rst_int~FF
INFO     : 	Synchronizer 247: 
INFO     :  u_axi4_ctrl/Gen_FIFO_W32.u_W0_FIFO_32/u_efx_fifo_top/xefx_fifo_ctl/async_clk.xrd2wr_addr_sync/async_reg[0][6]~FF
INFO     :  u_axi4_ctrl/Gen_FIFO_W32.u_W0_FIFO_32/u_efx_fifo_top/xefx_fifo_ctl/async_clk.xrd2wr_addr_sync/async_reg[1][6]~FF
INFO     :  u_axi4_ctrl/Gen_FIFO_W32.u_W0_FIFO_32/u_efx_fifo_top/xefx_fifo_ctl/async_clk.raddr_cntr_gry_sync[6]~FF
INFO     : 	Synchronizer 248: 
INFO     :  u_axi4_ctrl/Gen_FIFO_W32.u_W0_FIFO_32/u_efx_fifo_top/xefx_fifo_ctl/async_clk.xrd2wr_addr_sync/async_reg[0][5]~FF
INFO     :  u_axi4_ctrl/Gen_FIFO_W32.u_W0_FIFO_32/u_efx_fifo_top/xefx_fifo_ctl/async_clk.xrd2wr_addr_sync/async_reg[1][5]~FF
INFO     :  u_axi4_ctrl/Gen_FIFO_W32.u_W0_FIFO_32/u_efx_fifo_top/xefx_fifo_ctl/async_clk.raddr_cntr_gry_sync[5]~FF
INFO     : 	Synchronizer 249: 
INFO     :  u_axi4_ctrl/Gen_FIFO_W32.u_W0_FIFO_32/u_efx_fifo_top/xefx_fifo_ctl/async_clk.xrd2wr_addr_sync/async_reg[0][4]~FF
INFO     :  u_axi4_ctrl/Gen_FIFO_W32.u_W0_FIFO_32/u_efx_fifo_top/xefx_fifo_ctl/async_clk.xrd2wr_addr_sync/async_reg[1][4]~FF
INFO     :  u_axi4_ctrl/Gen_FIFO_W32.u_W0_FIFO_32/u_efx_fifo_top/xefx_fifo_ctl/async_clk.raddr_cntr_gry_sync[4]~FF
INFO     : 	Synchronizer 250: 
INFO     :  u_axi4_ctrl/Gen_FIFO_W32.u_W0_FIFO_32/u_efx_fifo_top/xefx_fifo_ctl/async_clk.xrd2wr_addr_sync/async_reg[0][0]~FF
INFO     :  u_axi4_ctrl/Gen_FIFO_W32.u_W0_FIFO_32/u_efx_fifo_top/xefx_fifo_ctl/async_clk.xrd2wr_addr_sync/async_reg[1][0]~FF
INFO     :  u_axi4_ctrl/Gen_FIFO_W32.u_W0_FIFO_32/u_efx_fifo_top/xefx_fifo_ctl/async_clk.raddr_cntr_gry_sync[0]~FF
INFO     : 	Synchronizer 251: 
INFO     :  u_axi4_ctrl/Gen_FIFO_W32.u_W0_FIFO_32/u_efx_fifo_top/xefx_fifo_ctl/async_clk.xrd2wr_addr_sync/async_reg[0][3]~FF
INFO     :  u_axi4_ctrl/Gen_FIFO_W32.u_W0_FIFO_32/u_efx_fifo_top/xefx_fifo_ctl/async_clk.xrd2wr_addr_sync/async_reg[1][3]~FF
INFO     :  u_axi4_ctrl/Gen_FIFO_W32.u_W0_FIFO_32/u_efx_fifo_top/xefx_fifo_ctl/async_clk.raddr_cntr_gry_sync[3]~FF
INFO     : 	Synchronizer 252: 
INFO     :  u_axi4_ctrl/Gen_FIFO_W32.u_W0_FIFO_32/u_efx_fifo_top/xefx_fifo_ctl/async_clk.xrd2wr_addr_sync/async_reg[0][8]~FF
INFO     :  u_axi4_ctrl/Gen_FIFO_W32.u_W0_FIFO_32/u_efx_fifo_top/xefx_fifo_ctl/async_clk.xrd2wr_addr_sync/async_reg[1][8]~FF
INFO     :  u_axi4_ctrl/Gen_FIFO_W32.u_W0_FIFO_32/u_efx_fifo_top/xefx_fifo_ctl/async_clk.raddr_cntr_gry_sync[8]~FF
INFO     : 	Synchronizer 253: 
INFO     :  u_axi4_ctrl/Gen_FIFO_W32.u_W0_FIFO_32/u_efx_fifo_top/xefx_fifo_ctl/async_clk.xrd2wr_addr_sync/async_reg[0][9]~FF
INFO     :  u_axi4_ctrl/Gen_FIFO_W32.u_W0_FIFO_32/u_efx_fifo_top/xefx_fifo_ctl/async_clk.xrd2wr_addr_sync/async_reg[1][9]~FF
INFO     :  u_axi4_ctrl/Gen_FIFO_W32.u_W0_FIFO_32/u_efx_fifo_top/xefx_fifo_ctl/async_clk.raddr_cntr_gry_sync[9]~FF
INFO     : 	Synchronizer 254: 
INFO     :  u_afifo_w32r8_reshape/u_efx_fifo_top/genblk2.genblk1.efx_resetsync_rd_rst/active_high.efx_resetsync_active_high/async_reg[0][0]~FF
INFO     :  u_afifo_w32r8_reshape/u_efx_fifo_top/rd_rst_int~FF
INFO     : 	Synchronizer 255: 
INFO     :  u_axi4_ctrl/Gen_FIFO_W32.u_W0_FIFO_32/u_efx_fifo_top/xefx_fifo_ctl/async_clk.xrd2wr_addr_sync/async_reg[0][2]~FF
INFO     :  u_axi4_ctrl/Gen_FIFO_W32.u_W0_FIFO_32/u_efx_fifo_top/xefx_fifo_ctl/async_clk.xrd2wr_addr_sync/async_reg[1][2]~FF
INFO     :  u_axi4_ctrl/Gen_FIFO_W32.u_W0_FIFO_32/u_efx_fifo_top/xefx_fifo_ctl/async_clk.raddr_cntr_gry_sync[2]~FF
INFO     : 	Synchronizer 256: 
INFO     :  u_afifo_w32r8_reshape/u_efx_fifo_top/genblk2.genblk1.efx_resetsync_wr_rst/active_high.efx_resetsync_active_high/async_reg[0][0]~FF
INFO     :  u_afifo_w32r8_reshape/u_efx_fifo_top/wr_rst_int~FF
INFO     : 	Synchronizer 257: 
INFO     :  u_axi4_ctrl/Gen_FIFO_W32.u_W0_FIFO_32/u_efx_fifo_top/xefx_fifo_ctl/async_clk.xrd2wr_addr_sync/async_reg[0][1]~FF
INFO     :  u_axi4_ctrl/Gen_FIFO_W32.u_W0_FIFO_32/u_efx_fifo_top/xefx_fifo_ctl/async_clk.xrd2wr_addr_sync/async_reg[1][1]~FF
INFO     :  u_axi4_ctrl/Gen_FIFO_W32.u_W0_FIFO_32/u_efx_fifo_top/xefx_fifo_ctl/async_clk.raddr_cntr_gry_sync[1]~FF
INFO     : 	Synchronizer 258: 
INFO     :  u_axi4_ctrl/Gen_FIFO_W32.u_W0_FIFO_32/u_efx_fifo_top/xefx_fifo_ctl/async_clk.xrd2wr_addr_sync/async_reg[0][7]~FF
INFO     :  u_axi4_ctrl/Gen_FIFO_W32.u_W0_FIFO_32/u_efx_fifo_top/xefx_fifo_ctl/async_clk.xrd2wr_addr_sync/async_reg[1][7]~FF
INFO     :  u_axi4_ctrl/Gen_FIFO_W32.u_W0_FIFO_32/u_efx_fifo_top/xefx_fifo_ctl/async_clk.raddr_cntr_gry_sync[7]~FF
INFO     : 	Synchronizer 259: 
INFO     :  u_afifo_w32r8_reshape/u_efx_fifo_top/xefx_fifo_ctl/async_clk.wr2rd_addr_sync/async_reg[0][10]~FF
INFO     :  u_afifo_w32r8_reshape/u_efx_fifo_top/xefx_fifo_ctl/async_clk.waddr_cntr_gry_sync[10]~FF
INFO     : 	Synchronizer 260: 
INFO     :  u_axi4_ctrl/Gen_RFIFO_32.u_R0_FIFO_32/u_efx_fifo_top/xefx_fifo_ctl/async_clk.xrd2wr_addr_sync/async_reg[0][7]~FF
INFO     :  u_axi4_ctrl/Gen_RFIFO_32.u_R0_FIFO_32/u_efx_fifo_top/xefx_fifo_ctl/async_clk.xrd2wr_addr_sync/async_reg[1][7]~FF
INFO     :  u_axi4_ctrl/Gen_RFIFO_32.u_R0_FIFO_32/u_efx_fifo_top/xefx_fifo_ctl/async_clk.raddr_cntr_gry_sync[7]~FF
INFO     : 	Synchronizer 261: 
INFO     :  u_axi4_ctrl/Gen_RFIFO_32.u_R0_FIFO_32/u_efx_fifo_top/xefx_fifo_ctl/async_clk.wr2rd_addr_sync/async_reg[0][6]~FF
INFO     :  u_axi4_ctrl/Gen_RFIFO_32.u_R0_FIFO_32/u_efx_fifo_top/xefx_fifo_ctl/async_clk.wr2rd_addr_sync/async_reg[1][6]~FF
INFO     :  u_axi4_ctrl/Gen_RFIFO_32.u_R0_FIFO_32/u_efx_fifo_top/xefx_fifo_ctl/async_clk.waddr_cntr_gry_sync[6]~FF
INFO     : 	Synchronizer 262: 
INFO     :  u_axi4_ctrl/Gen_RFIFO_32.u_R0_FIFO_32/u_efx_fifo_top/xefx_fifo_ctl/async_clk.wr2rd_addr_sync/async_reg[0][5]~FF
INFO     :  u_axi4_ctrl/Gen_RFIFO_32.u_R0_FIFO_32/u_efx_fifo_top/xefx_fifo_ctl/async_clk.wr2rd_addr_sync/async_reg[1][5]~FF
INFO     :  u_axi4_ctrl/Gen_RFIFO_32.u_R0_FIFO_32/u_efx_fifo_top/xefx_fifo_ctl/async_clk.waddr_cntr_gry_sync[5]~FF
INFO     : 	Synchronizer 263: 
INFO     :  u_axi4_ctrl/Gen_RFIFO_32.u_R0_FIFO_32/u_efx_fifo_top/xefx_fifo_ctl/async_clk.wr2rd_addr_sync/async_reg[0][4]~FF
INFO     :  u_axi4_ctrl/Gen_RFIFO_32.u_R0_FIFO_32/u_efx_fifo_top/xefx_fifo_ctl/async_clk.wr2rd_addr_sync/async_reg[1][4]~FF
INFO     :  u_axi4_ctrl/Gen_RFIFO_32.u_R0_FIFO_32/u_efx_fifo_top/xefx_fifo_ctl/async_clk.waddr_cntr_gry_sync[4]~FF
INFO     : Using optimization level TIMING_1 in qplacer to set options
INFO     : Starting Global Placer with 32 threads ...
            ----------     -------  --------------     -------
             Iteration       WHPWL Worst Slack (ps) Convergence
            ----------     -------  --------------     -------
INFO     :           1     6030203          -21117         2.0%
INFO     :           2     3039593          -21257         4.5%
INFO     :           3     2321372          -21304         7.0%
INFO     :           4     1929083          -21256        10.1%
INFO     :           5     1360992          -21140        15.4%
INFO     :           6     1136318          -21122        20.7%
INFO     :           7      941379          -22057        28.7%
INFO     :           8      827445          -23963        37.4%
INFO     :           9      755715          -26716        48.0%
INFO     :          10      708964          -28191        56.1%
INFO     :          11      689763          -29815        61.5%
INFO     :          12      683366          -30236        64.7%
INFO     :          13      680715          -29774        65.0%
INFO     :          14      680055          -30442        66.2%
INFO     :          15      676171          -30987        67.4%
INFO     :          16      674580          -31020        68.2%
INFO     :          17      670970          -31231        68.6%
INFO     :          18      673587          -31866        69.8%
INFO     :          19      668825          -32144        71.4%
INFO     :          20      668082          -32422        71.4%
INFO     :          21      664083          -33083        73.3%
INFO     :          22      663791          -34298        74.4%
INFO     :          23      663654          -34002        74.4%
INFO     :          24      661742          -34877        75.9%
INFO     :          25      660848          -35120        77.2%
INFO     :          26      658533          -34842        77.5%
INFO     :          27      654972          -35999        78.7%
INFO     :          28      655087          -35554        79.3%
INFO     :          29      653071          -36152        80.3%
INFO     :          30      650811          -36594        82.5%
INFO     :          31      650235          -37113        82.8%
INFO     :          32      648875          -37543        83.6%
INFO     :          33      652489          -37644        83.7%
INFO     :          34      650806          -38290        85.1%
INFO     :          35      650405          -38577        85.6%
INFO     :          36      649743          -38400        87.3%
INFO     :          37      650353          -39090        87.4%
INFO     :          38      651937          -39722        88.0%
INFO     :          39      653805          -39355        88.3%
INFO     :          40      653804          -39346        89.4%
INFO     :          41      653985          -39939        90.1%
INFO     :          42      653452          -39467        91.3%
INFO     :          43      656174          -40356        92.0%
INFO     :          44      655804          -40494        92.9%
INFO     :          45      628950          -39668        92.9%
INFO     :          46      631333          -40385        95.5%
INFO     :          47      632633          -41491        96.9%
INFO     :          48      635346          -41708        97.3%
INFO     :          49      635923          -41324        97.7%
INFO     :          50      636943          -40843        97.9%
INFO     :          51      638640          -41515        98.0%
INFO     : Starting Annealer
            ----------     -------  --------------     -------
             Iteration       WHPWL  Delay Max (ps)     R Limit
            ----------     -------  --------------     -------
INFO     :           0      314868           52844        30.0
INFO     :           1      415857           48681        90.0
INFO     :           2      397401           48161        90.0
INFO     :           3      361450           45899        25.1
INFO     :           4      328141           44663        23.4
INFO     :           5      310567           43982        21.6
INFO     :           6      302983           43280        19.8
INFO     :           7      289485           42919        18.1
INFO     :           8      284784           42816        16.4
INFO     :           9      279173           42234        14.9
INFO     :          10      274786           42304        13.5
INFO     :          11      272570           41461        12.1
INFO     :          12      269553           40600        10.9
INFO     :          13      266166           40490         9.8
INFO     :          14      262976           40306         8.9
INFO     :          15      261005           39864         8.0
INFO     :          16      258331           40177         7.1
INFO     :          17      255132           39606         6.4
INFO     : Counted delay computer calls: 1852515
Placement successful: 25847 cells are placed
INFO     : Peak congestion smeared over 1/4 of the chip is 0.425182 at 115,78
INFO     : Congestion-weighted HPWL per net: 16.1012
INFO     : Post-placement cluster-level checks is successful
INFO     : Checks is successful
INFO     : Placement took 59.1288 seconds.
INFO     : 	Placement took 236.141 seconds (approximately) in total CPU time.
INFO     : Placement virtual memory usage: begin = 166.296 MB, end = 424.072 MB, delta = 257.776 MB
INFO     : 	Placement peak virtual memory usage = 424.36 MB
INFO     : Placement resident set memory usage: begin = 178.04 MB, end = 425.208 MB, delta = 247.168 MB
INFO     : 	Placement peak resident set memory usage = 425.208 MB
INFO     : Post-placement primitive-level checks is successful
